huesped_id,reserva_id,empleado_id,descripcion,fecha,estado
1651,7,2,Inconveniente menor durante la estadía.,2025-01-02,en proceso
2974,17,4,Inconveniente menor durante la estadía.,2025-01-04,pendiente
2415,27,1,Inconveniente menor durante la estadía.,2025-01-02,en proceso
1168,30,5,Inconveniente menor durante la estadía.,2025-01-06,en proceso
1211,32,2,Inconveniente menor durante la estadía.,2025-01-05,pendiente
2524,40,1,Inconveniente menor durante la estadía.,2025-01-06,pendiente
2403,42,4,Inconveniente menor durante la estadía.,2025-01-05,en proceso
476,44,5,Inconveniente menor durante la estadía.,2025-01-05,pendiente
1852,76,3,Inconveniente menor durante la estadía.,2025-01-03,pendiente
208,86,5,Inconveniente menor durante la estadía.,2025-01-06,resuelta
133,114,3,Inconveniente menor durante la estadía.,2025-01-08,resuelta
1940,134,4,Inconveniente menor durante la estadía.,2025-01-05,pendiente
1101,138,2,Inconveniente menor durante la estadía.,2025-01-06,resuelta
1651,154,1,Inconveniente menor durante la estadía.,2025-01-07,en proceso
1104,159,2,Inconveniente menor durante la estadía.,2025-01-08,pendiente
2069,166,4,Inconveniente menor durante la estadía.,2025-01-09,pendiente
2822,169,3,Inconveniente menor durante la estadía.,2025-01-08,pendiente
31,176,3,Inconveniente menor durante la estadía.,2025-01-06,en proceso
262,178,2,Inconveniente menor durante la estadía.,2025-01-09,en proceso
2171,192,3,Inconveniente menor durante la estadía.,2025-01-10,resuelta
20,196,4,Inconveniente menor durante la estadía.,2025-01-07,pendiente
188,204,3,Inconveniente menor durante la estadía.,2025-01-07,en proceso
162,225,2,Inconveniente menor durante la estadía.,2025-01-08,en proceso
2505,233,1,Inconveniente menor durante la estadía.,2025-01-10,en proceso
2071,240,5,Inconveniente menor durante la estadía.,2025-01-09,en proceso
400,250,4,Inconveniente menor durante la estadía.,2025-01-08,resuelta
1610,254,5,Inconveniente menor durante la estadía.,2025-01-08,pendiente
2065,261,1,Inconveniente menor durante la estadía.,2025-01-11,resuelta
919,275,3,Inconveniente menor durante la estadía.,2025-01-13,resuelta
1205,280,3,Inconveniente menor durante la estadía.,2025-01-10,en proceso
2712,285,4,Inconveniente menor durante la estadía.,2025-01-13,pendiente
2758,302,3,Inconveniente menor durante la estadía.,2025-01-13,en proceso
1563,306,2,Inconveniente menor durante la estadía.,2025-01-13,en proceso
551,322,5,Inconveniente menor durante la estadía.,2025-01-13,pendiente
950,334,3,Inconveniente menor durante la estadía.,2025-01-14,resuelta
28,341,1,Inconveniente menor durante la estadía.,2025-01-15,resuelta
942,354,4,Inconveniente menor durante la estadía.,2025-01-12,en proceso
1039,367,1,Inconveniente menor durante la estadía.,2025-01-16,resuelta
717,386,3,Inconveniente menor durante la estadía.,2025-01-15,en proceso
1952,394,5,Inconveniente menor durante la estadía.,2025-01-14,en proceso
1244,440,4,Inconveniente menor durante la estadía.,2025-01-16,en proceso
967,463,4,Inconveniente menor durante la estadía.,2025-01-15,resuelta
1027,472,1,Inconveniente menor durante la estadía.,2025-01-17,pendiente
1841,476,4,Inconveniente menor durante la estadía.,2025-01-17,pendiente
1370,511,1,Inconveniente menor durante la estadía.,2025-01-17,resuelta
1249,525,1,Inconveniente menor durante la estadía.,2025-01-17,resuelta
2848,533,5,Inconveniente menor durante la estadía.,2025-01-18,pendiente
985,547,1,Inconveniente menor durante la estadía.,2025-01-21,en proceso
133,561,5,Inconveniente menor durante la estadía.,2025-01-19,resuelta
2491,564,4,Inconveniente menor durante la estadía.,2025-01-18,pendiente
2852,573,3,Inconveniente menor durante la estadía.,2025-01-23,resuelta
731,591,4,Inconveniente menor durante la estadía.,2025-01-22,resuelta
2827,605,4,Inconveniente menor durante la estadía.,2025-01-21,en proceso
1230,606,2,Inconveniente menor durante la estadía.,2025-01-22,pendiente
1435,630,2,Inconveniente menor durante la estadía.,2025-01-25,pendiente
353,634,2,Inconveniente menor durante la estadía.,2025-01-21,resuelta
2428,635,5,Inconveniente menor durante la estadía.,2025-01-25,pendiente
589,639,2,Inconveniente menor durante la estadía.,2025-01-22,resuelta
2844,648,2,Inconveniente menor durante la estadía.,2025-01-25,resuelta
371,653,5,Inconveniente menor durante la estadía.,2025-01-21,resuelta
2477,669,4,Inconveniente menor durante la estadía.,2025-01-25,en proceso
2361,671,4,Inconveniente menor durante la estadía.,2025-01-26,pendiente
859,754,1,Inconveniente menor durante la estadía.,2025-01-27,pendiente
815,758,1,Inconveniente menor durante la estadía.,2025-01-28,pendiente
2949,763,2,Inconveniente menor durante la estadía.,2025-01-28,resuelta
1907,784,1,Inconveniente menor durante la estadía.,2025-01-28,en proceso
2079,810,5,Inconveniente menor durante la estadía.,2025-01-31,resuelta
572,813,5,Inconveniente menor durante la estadía.,2025-01-27,resuelta
1528,844,2,Inconveniente menor durante la estadía.,2025-01-30,resuelta
2289,846,3,Inconveniente menor durante la estadía.,2025-01-29,resuelta
72,848,5,Inconveniente menor durante la estadía.,2025-01-29,en proceso
757,858,4,Inconveniente menor durante la estadía.,2025-01-29,pendiente
1577,869,4,Inconveniente menor durante la estadía.,2025-01-28,pendiente
2331,890,1,Inconveniente menor durante la estadía.,2025-01-29,resuelta
2076,892,1,Inconveniente menor durante la estadía.,2025-01-30,pendiente
1501,895,4,Inconveniente menor durante la estadía.,2025-01-30,resuelta
1336,900,2,Inconveniente menor durante la estadía.,2025-02-02,pendiente
2409,902,5,Inconveniente menor durante la estadía.,2025-02-01,resuelta
893,932,2,Inconveniente menor durante la estadía.,2025-02-02,en proceso
2830,937,1,Inconveniente menor durante la estadía.,2025-01-31,pendiente
2582,946,4,Inconveniente menor durante la estadía.,2025-02-01,en proceso
2288,953,1,Inconveniente menor durante la estadía.,2025-01-31,resuelta
781,959,3,Inconveniente menor durante la estadía.,2025-02-01,pendiente
1018,963,2,Inconveniente menor durante la estadía.,2025-02-03,resuelta
2839,965,1,Inconveniente menor durante la estadía.,2025-02-02,pendiente
321,1011,5,Inconveniente menor durante la estadía.,2025-02-03,pendiente
2733,1035,5,Inconveniente menor durante la estadía.,2025-02-03,resuelta
1470,1038,3,Inconveniente menor durante la estadía.,2025-02-03,resuelta
702,1050,5,Inconveniente menor durante la estadía.,2025-02-07,en proceso
1728,1052,1,Inconveniente menor durante la estadía.,2025-02-07,en proceso
2162,1059,5,Inconveniente menor durante la estadía.,2025-02-05,resuelta
2638,1060,1,Inconveniente menor durante la estadía.,2025-02-07,resuelta
2755,1072,4,Inconveniente menor durante la estadía.,2025-02-08,en proceso
1986,1080,4,Inconveniente menor durante la estadía.,2025-02-05,en proceso
789,1097,5,Inconveniente menor durante la estadía.,2025-02-05,en proceso
1827,1115,3,Inconveniente menor durante la estadía.,2025-02-08,resuelta
2188,1121,4,Inconveniente menor durante la estadía.,2025-02-07,resuelta
2794,1124,4,Inconveniente menor durante la estadía.,2025-02-08,resuelta
2277,1128,3,Inconveniente menor durante la estadía.,2025-02-09,en proceso
2315,1139,4,Inconveniente menor durante la estadía.,2025-02-10,resuelta
2517,1142,3,Inconveniente menor durante la estadía.,2025-02-10,resuelta
2181,1146,3,Inconveniente menor durante la estadía.,2025-02-09,en proceso
99,1150,3,Inconveniente menor durante la estadía.,2025-02-10,en proceso
2562,1153,5,Inconveniente menor durante la estadía.,2025-02-07,en proceso
2922,1162,2,Inconveniente menor durante la estadía.,2025-02-11,pendiente
755,1177,4,Inconveniente menor durante la estadía.,2025-02-10,en proceso
2708,1185,3,Inconveniente menor durante la estadía.,2025-02-10,resuelta
1133,1205,1,Inconveniente menor durante la estadía.,2025-02-09,resuelta
1027,1245,2,Inconveniente menor durante la estadía.,2025-02-10,en proceso
1986,1246,5,Inconveniente menor durante la estadía.,2025-02-13,pendiente
2663,1264,1,Inconveniente menor durante la estadía.,2025-02-12,resuelta
976,1275,1,Inconveniente menor durante la estadía.,2025-02-11,pendiente
265,1281,1,Inconveniente menor durante la estadía.,2025-02-11,en proceso
837,1282,2,Inconveniente menor durante la estadía.,2025-02-12,resuelta
1472,1435,1,Inconveniente menor durante la estadía.,2025-02-15,pendiente
813,1446,4,Inconveniente menor durante la estadía.,2025-02-19,en proceso
2504,1447,3,Inconveniente menor durante la estadía.,2025-02-20,en proceso
2915,1454,4,Inconveniente menor durante la estadía.,2025-02-18,pendiente
2413,1460,4,Inconveniente menor durante la estadía.,2025-02-18,en proceso
861,1461,3,Inconveniente menor durante la estadía.,2025-02-18,en proceso
307,1464,4,Inconveniente menor durante la estadía.,2025-02-16,en proceso
2202,1484,1,Inconveniente menor durante la estadía.,2025-02-17,resuelta
436,1497,1,Inconveniente menor durante la estadía.,2025-02-17,en proceso
1367,1506,4,Inconveniente menor durante la estadía.,2025-02-22,pendiente
2862,1530,4,Inconveniente menor durante la estadía.,2025-02-23,resuelta
769,1544,1,Inconveniente menor durante la estadía.,2025-02-21,resuelta
1222,1578,5,Inconveniente menor durante la estadía.,2025-02-20,resuelta
754,1579,4,Inconveniente menor durante la estadía.,2025-02-22,pendiente
2721,1584,4,Inconveniente menor durante la estadía.,2025-02-22,resuelta
605,1585,2,Inconveniente menor durante la estadía.,2025-02-23,pendiente
2865,1592,4,Inconveniente menor durante la estadía.,2025-02-21,pendiente
2265,1595,1,Inconveniente menor durante la estadía.,2025-02-22,pendiente
407,1597,2,Inconveniente menor durante la estadía.,2025-02-25,resuelta
2735,1600,1,Inconveniente menor durante la estadía.,2025-02-21,en proceso
1301,1607,3,Inconveniente menor durante la estadía.,2025-02-25,resuelta
106,1613,4,Inconveniente menor durante la estadía.,2025-02-21,en proceso
2122,1629,3,Inconveniente menor durante la estadía.,2025-02-22,en proceso
595,1644,5,Inconveniente menor durante la estadía.,2025-02-24,en proceso
2202,1662,3,Inconveniente menor durante la estadía.,2025-02-25,pendiente
1278,1674,4,Inconveniente menor durante la estadía.,2025-02-25,resuelta
2648,1687,4,Inconveniente menor durante la estadía.,2025-02-23,resuelta
2159,1710,1,Inconveniente menor durante la estadía.,2025-02-27,pendiente
169,1712,4,Inconveniente menor durante la estadía.,2025-02-25,resuelta
1160,1718,1,Inconveniente menor durante la estadía.,2025-02-26,en proceso
1019,1724,1,Inconveniente menor durante la estadía.,2025-02-27,en proceso
2606,1748,2,Inconveniente menor durante la estadía.,2025-02-26,resuelta
1188,1750,3,Inconveniente menor durante la estadía.,2025-02-28,resuelta
1821,1754,4,Inconveniente menor durante la estadía.,2025-03-01,pendiente
154,1767,2,Inconveniente menor durante la estadía.,2025-02-26,pendiente
1222,1779,3,Inconveniente menor durante la estadía.,2025-03-02,en proceso
2237,1784,2,Inconveniente menor durante la estadía.,2025-02-26,en proceso
1507,1797,5,Inconveniente menor durante la estadía.,2025-03-03,pendiente
976,1798,2,Inconveniente menor durante la estadía.,2025-02-27,pendiente
920,1815,5,Inconveniente menor durante la estadía.,2025-02-27,en proceso
1064,1831,5,Inconveniente menor durante la estadía.,2025-03-02,pendiente
2267,1834,5,Inconveniente menor durante la estadía.,2025-02-28,pendiente
1483,1852,3,Inconveniente menor durante la estadía.,2025-03-04,pendiente
1079,1859,2,Inconveniente menor durante la estadía.,2025-03-04,resuelta
1839,1865,3,Inconveniente menor durante la estadía.,2025-03-03,resuelta
2761,1868,5,Inconveniente menor durante la estadía.,2025-03-03,pendiente
952,1870,4,Inconveniente menor durante la estadía.,2025-03-01,resuelta
679,1875,5,Inconveniente menor durante la estadía.,2025-03-03,en proceso
2035,1891,2,Inconveniente menor durante la estadía.,2025-03-03,pendiente
1719,1899,3,Inconveniente menor durante la estadía.,2025-03-04,pendiente
907,1907,3,Inconveniente menor durante la estadía.,2025-03-06,resuelta
1532,1913,2,Inconveniente menor durante la estadía.,2025-03-04,pendiente
318,1952,1,Inconveniente menor durante la estadía.,2025-03-05,en proceso
1147,1953,4,Inconveniente menor durante la estadía.,2025-03-05,pendiente
803,1967,1,Inconveniente menor durante la estadía.,2025-03-05,resuelta
1040,1969,3,Inconveniente menor durante la estadía.,2025-03-07,pendiente
183,1980,2,Inconveniente menor durante la estadía.,2025-03-08,resuelta
651,2000,1,Inconveniente menor durante la estadía.,2025-03-06,en proceso
572,2009,5,Inconveniente menor durante la estadía.,2025-03-10,pendiente
1789,2013,3,Inconveniente menor durante la estadía.,2025-03-07,resuelta
1929,2015,1,Inconveniente menor durante la estadía.,2025-03-06,resuelta
2738,2016,1,Inconveniente menor durante la estadía.,2025-03-09,pendiente
381,2023,1,Inconveniente menor durante la estadía.,2025-03-10,en proceso
999,2050,2,Inconveniente menor durante la estadía.,2025-03-11,pendiente
21,2053,1,Inconveniente menor durante la estadía.,2025-03-10,resuelta
2396,2065,5,Inconveniente menor durante la estadía.,2025-03-12,resuelta
962,2067,3,Inconveniente menor durante la estadía.,2025-03-11,pendiente
1066,2088,3,Inconveniente menor durante la estadía.,2025-03-12,resuelta
1054,2103,5,Inconveniente menor durante la estadía.,2025-03-12,pendiente
1811,2122,2,Inconveniente menor durante la estadía.,2025-03-10,en proceso
1519,2140,1,Inconveniente menor durante la estadía.,2025-03-13,en proceso
1449,2143,5,Inconveniente menor durante la estadía.,2025-03-14,pendiente
2066,2161,4,Inconveniente menor durante la estadía.,2025-03-11,pendiente
575,2189,1,Inconveniente menor durante la estadía.,2025-03-13,en proceso
666,2192,3,Inconveniente menor durante la estadía.,2025-03-13,en proceso
576,2232,4,Inconveniente menor durante la estadía.,2025-03-16,resuelta
1478,2249,1,Inconveniente menor durante la estadía.,2025-03-16,en proceso
2573,2252,4,Inconveniente menor durante la estadía.,2025-03-18,en proceso
365,2258,3,Inconveniente menor durante la estadía.,2025-03-18,en proceso
1282,2260,3,Inconveniente menor durante la estadía.,2025-03-18,pendiente
1481,2262,1,Inconveniente menor durante la estadía.,2025-03-18,pendiente
2380,2274,5,Inconveniente menor durante la estadía.,2025-03-19,resuelta
2940,2279,1,Inconveniente menor durante la estadía.,2025-03-18,en proceso
1354,2286,1,Inconveniente menor durante la estadía.,2025-03-18,resuelta
2308,2300,5,Inconveniente menor durante la estadía.,2025-03-20,en proceso
2013,2315,1,Inconveniente menor durante la estadía.,2025-03-17,resuelta
2340,2318,3,Inconveniente menor durante la estadía.,2025-03-21,pendiente
1704,2329,5,Inconveniente menor durante la estadía.,2025-03-18,pendiente
1811,2340,3,Inconveniente menor durante la estadía.,2025-03-19,resuelta
1680,2348,5,Inconveniente menor durante la estadía.,2025-03-18,resuelta
240,2351,5,Inconveniente menor durante la estadía.,2025-03-22,en proceso
853,2361,3,Inconveniente menor durante la estadía.,2025-03-21,pendiente
2181,2380,2,Inconveniente menor durante la estadía.,2025-03-19,resuelta
556,2383,2,Inconveniente menor durante la estadía.,2025-03-19,en proceso
82,2384,1,Inconveniente menor durante la estadía.,2025-03-20,resuelta
1230,2387,3,Inconveniente menor durante la estadía.,2025-03-23,en proceso
1383,2393,4,Inconveniente menor durante la estadía.,2025-03-23,en proceso
44,2395,5,Inconveniente menor durante la estadía.,2025-03-24,pendiente
2946,2399,4,Inconveniente menor durante la estadía.,2025-03-22,en proceso
2357,2412,4,Inconveniente menor durante la estadía.,2025-03-24,resuelta
1216,2414,2,Inconveniente menor durante la estadía.,2025-03-24,en proceso
1574,2445,2,Inconveniente menor durante la estadía.,2025-03-21,en proceso
1311,2450,5,Inconveniente menor durante la estadía.,2025-03-24,pendiente
605,2456,5,Inconveniente menor durante la estadía.,2025-03-25,resuelta
2893,2458,2,Inconveniente menor durante la estadía.,2025-03-23,en proceso
527,2459,5,Inconveniente menor durante la estadía.,2025-03-26,en proceso
2489,2480,5,Inconveniente menor durante la estadía.,2025-03-23,resuelta
2840,2514,4,Inconveniente menor durante la estadía.,2025-03-25,en proceso
2723,2516,5,Inconveniente menor durante la estadía.,2025-03-28,resuelta
2004,2517,2,Inconveniente menor durante la estadía.,2025-03-26,pendiente
2710,2525,4,Inconveniente menor durante la estadía.,2025-03-26,resuelta
1006,2533,2,Inconveniente menor durante la estadía.,2025-03-25,pendiente
2074,2537,2,Inconveniente menor durante la estadía.,2025-03-25,resuelta
2337,2553,4,Inconveniente menor durante la estadía.,2025-03-25,pendiente
830,2556,3,Inconveniente menor durante la estadía.,2025-03-26,en proceso
462,2558,4,Inconveniente menor durante la estadía.,2025-03-25,resuelta
2266,2561,4,Inconveniente menor durante la estadía.,2025-03-28,en proceso
1925,2573,4,Inconveniente menor durante la estadía.,2025-03-28,resuelta
1031,2577,3,Inconveniente menor durante la estadía.,2025-03-26,en proceso
2512,2581,4,Inconveniente menor durante la estadía.,2025-03-27,resuelta
2919,2582,5,Inconveniente menor durante la estadía.,2025-03-28,en proceso
2882,2612,1,Inconveniente menor durante la estadía.,2025-03-28,resuelta
1141,2625,5,Inconveniente menor durante la estadía.,2025-03-30,en proceso
848,2642,2,Inconveniente menor durante la estadía.,2025-03-28,pendiente
1454,2651,2,Inconveniente menor durante la estadía.,2025-03-31,en proceso
622,2664,3,Inconveniente menor durante la estadía.,2025-04-01,resuelta
3,2665,2,Inconveniente menor durante la estadía.,2025-03-30,resuelta
271,2666,5,Inconveniente menor durante la estadía.,2025-04-01,pendiente
1921,2668,4,Inconveniente menor durante la estadía.,2025-03-31,resuelta
1226,2676,4,Inconveniente menor durante la estadía.,2025-03-31,en proceso
2857,2685,1,Inconveniente menor durante la estadía.,2025-03-29,pendiente
134,2686,1,Inconveniente menor durante la estadía.,2025-03-30,pendiente
2517,2689,5,Inconveniente menor durante la estadía.,2025-03-30,pendiente
979,2722,4,Inconveniente menor durante la estadía.,2025-04-03,en proceso
1140,2735,4,Inconveniente menor durante la estadía.,2025-04-04,pendiente
2825,2738,4,Inconveniente menor durante la estadía.,2025-04-04,resuelta
1744,2749,1,Inconveniente menor durante la estadía.,2025-04-05,en proceso
1341,2795,3,Inconveniente menor durante la estadía.,2025-04-02,en proceso
905,2806,4,Inconveniente menor durante la estadía.,2025-04-04,en proceso
2634,2808,4,Inconveniente menor durante la estadía.,2025-04-05,en proceso
2506,2809,4,Inconveniente menor durante la estadía.,2025-04-04,en proceso
735,2816,2,Inconveniente menor durante la estadía.,2025-04-03,pendiente
509,2860,5,Inconveniente menor durante la estadía.,2025-04-09,pendiente
1204,2872,1,Inconveniente menor durante la estadía.,2025-04-06,pendiente
1546,2873,2,Inconveniente menor durante la estadía.,2025-04-08,en proceso
814,2882,5,Inconveniente menor durante la estadía.,2025-04-09,en proceso
1668,2886,5,Inconveniente menor durante la estadía.,2025-04-10,resuelta
798,2897,1,Inconveniente menor durante la estadía.,2025-04-09,pendiente
1384,2899,1,Inconveniente menor durante la estadía.,2025-04-08,resuelta
1938,2929,5,Inconveniente menor durante la estadía.,2025-04-11,en proceso
1667,2938,1,Inconveniente menor durante la estadía.,2025-04-09,resuelta
2,2964,1,Inconveniente menor durante la estadía.,2025-04-09,en proceso
1084,2968,2,Inconveniente menor durante la estadía.,2025-04-10,resuelta
1324,2969,1,Inconveniente menor durante la estadía.,2025-04-12,pendiente
1898,2973,2,Inconveniente menor durante la estadía.,2025-04-09,pendiente
958,2978,5,Inconveniente menor durante la estadía.,2025-04-11,pendiente
94,2981,5,Inconveniente menor durante la estadía.,2025-04-12,resuelta
1650,2983,5,Inconveniente menor durante la estadía.,2025-04-09,resuelta
1871,2991,5,Inconveniente menor durante la estadía.,2025-04-12,en proceso
247,3038,5,Inconveniente menor durante la estadía.,2025-04-15,en proceso
1336,3050,4,Inconveniente menor durante la estadía.,2025-04-11,en proceso
2643,3060,1,Inconveniente menor durante la estadía.,2025-04-13,resuelta
745,3070,5,Inconveniente menor durante la estadía.,2025-04-16,en proceso
636,3073,5,Inconveniente menor durante la estadía.,2025-04-13,en proceso
1040,3081,4,Inconveniente menor durante la estadía.,2025-04-14,en proceso
2339,3083,2,Inconveniente menor durante la estadía.,2025-04-13,resuelta
166,3093,2,Inconveniente menor durante la estadía.,2025-04-13,resuelta
1136,3099,5,Inconveniente menor durante la estadía.,2025-04-16,en proceso
2998,3103,3,Inconveniente menor durante la estadía.,2025-04-14,en proceso
172,3107,4,Inconveniente menor durante la estadía.,2025-04-14,pendiente
2705,3111,2,Inconveniente menor durante la estadía.,2025-04-13,resuelta
71,3116,5,Inconveniente menor durante la estadía.,2025-04-14,resuelta
1488,3131,3,Inconveniente menor durante la estadía.,2025-04-18,resuelta
1841,3138,3,Inconveniente menor durante la estadía.,2025-04-14,en proceso
400,3140,5,Inconveniente menor durante la estadía.,2025-04-18,en proceso
1641,3145,4,Inconveniente menor durante la estadía.,2025-04-15,resuelta
2399,3157,5,Inconveniente menor durante la estadía.,2025-04-17,resuelta
677,3170,3,Inconveniente menor durante la estadía.,2025-04-17,resuelta
433,3172,4,Inconveniente menor durante la estadía.,2025-04-16,resuelta
1716,3183,1,Inconveniente menor durante la estadía.,2025-04-16,en proceso
2456,3233,3,Inconveniente menor durante la estadía.,2025-04-19,en proceso
1393,3240,4,Inconveniente menor durante la estadía.,2025-04-20,en proceso
2592,3244,5,Inconveniente menor durante la estadía.,2025-04-21,pendiente
2115,3252,1,Inconveniente menor durante la estadía.,2025-04-22,resuelta
2989,3258,2,Inconveniente menor durante la estadía.,2025-04-22,en proceso
1483,3262,1,Inconveniente menor durante la estadía.,2025-04-20,en proceso
1043,3263,2,Inconveniente menor durante la estadía.,2025-04-21,en proceso
2684,3271,3,Inconveniente menor durante la estadía.,2025-04-18,resuelta
439,3281,2,Inconveniente menor durante la estadía.,2025-04-23,en proceso
367,3287,1,Inconveniente menor durante la estadía.,2025-04-19,resuelta
1102,3311,2,Inconveniente menor durante la estadía.,2025-04-24,resuelta
1757,3319,3,Inconveniente menor durante la estadía.,2025-04-24,pendiente
305,3331,1,Inconveniente menor durante la estadía.,2025-04-25,resuelta
260,3336,5,Inconveniente menor durante la estadía.,2025-04-21,en proceso
2503,3339,4,Inconveniente menor durante la estadía.,2025-04-25,en proceso
2430,3353,1,Inconveniente menor durante la estadía.,2025-04-24,resuelta
2318,3378,4,Inconveniente menor durante la estadía.,2025-04-24,en proceso
1158,3382,3,Inconveniente menor durante la estadía.,2025-04-26,resuelta
264,3390,3,Inconveniente menor durante la estadía.,2025-04-25,resuelta
385,3391,4,Inconveniente menor durante la estadía.,2025-04-27,en proceso
1585,3397,3,Inconveniente menor durante la estadía.,2025-04-27,resuelta
753,3404,1,Inconveniente menor durante la estadía.,2025-04-26,resuelta
1080,3449,2,Inconveniente menor durante la estadía.,2025-04-25,resuelta
2726,3462,2,Inconveniente menor durante la estadía.,2025-04-28,pendiente
1092,3463,3,Inconveniente menor durante la estadía.,2025-04-27,en proceso
1406,3479,5,Inconveniente menor durante la estadía.,2025-04-27,resuelta
857,3493,4,Inconveniente menor durante la estadía.,2025-04-27,pendiente
201,3518,4,Inconveniente menor durante la estadía.,2025-04-27,pendiente
1594,3519,4,Inconveniente menor durante la estadía.,2025-04-28,pendiente
1347,3557,3,Inconveniente menor durante la estadía.,2025-05-02,resuelta
1966,3562,2,Inconveniente menor durante la estadía.,2025-05-01,en proceso
1105,3583,4,Inconveniente menor durante la estadía.,2025-05-03,resuelta
1518,3591,4,Inconveniente menor durante la estadía.,2025-05-03,en proceso
2322,3593,2,Inconveniente menor durante la estadía.,2025-05-02,resuelta
347,3602,2,Inconveniente menor durante la estadía.,2025-05-01,en proceso
2649,3611,3,Inconveniente menor durante la estadía.,2025-05-01,en proceso
1213,3627,5,Inconveniente menor durante la estadía.,2025-05-05,pendiente
1199,3629,4,Inconveniente menor durante la estadía.,2025-05-02,pendiente
1989,3639,2,Inconveniente menor durante la estadía.,2025-05-03,en proceso
1862,3648,4,Inconveniente menor durante la estadía.,2025-05-06,en proceso
1206,3652,5,Inconveniente menor durante la estadía.,2025-05-04,pendiente
758,3659,5,Inconveniente menor durante la estadía.,2025-05-04,en proceso
656,3660,3,Inconveniente menor durante la estadía.,2025-05-03,en proceso
330,3661,4,Inconveniente menor durante la estadía.,2025-05-05,en proceso
480,3663,4,Inconveniente menor durante la estadía.,2025-05-04,resuelta
2914,3673,3,Inconveniente menor durante la estadía.,2025-05-03,en proceso
2226,3674,5,Inconveniente menor durante la estadía.,2025-05-06,resuelta
1221,3675,1,Inconveniente menor durante la estadía.,2025-05-06,en proceso
1037,3685,5,Inconveniente menor durante la estadía.,2025-05-07,resuelta
2094,3686,1,Inconveniente menor durante la estadía.,2025-05-06,pendiente
1787,3697,4,Inconveniente menor durante la estadía.,2025-05-07,resuelta
2082,3704,4,Inconveniente menor durante la estadía.,2025-05-08,en proceso
2384,3708,2,Inconveniente menor durante la estadía.,2025-05-06,en proceso
2750,3718,5,Inconveniente menor durante la estadía.,2025-05-06,pendiente
438,3726,3,Inconveniente menor durante la estadía.,2025-05-09,en proceso
2535,3734,4,Inconveniente menor durante la estadía.,2025-05-06,pendiente
2267,3735,4,Inconveniente menor durante la estadía.,2025-05-05,en proceso
2218,3740,1,Inconveniente menor durante la estadía.,2025-05-08,pendiente
512,3750,1,Inconveniente menor durante la estadía.,2025-05-07,resuelta
1838,3764,5,Inconveniente menor durante la estadía.,2025-05-06,resuelta
2102,3775,5,Inconveniente menor durante la estadía.,2025-05-07,resuelta
2803,3778,2,Inconveniente menor durante la estadía.,2025-05-09,resuelta
205,3781,3,Inconveniente menor durante la estadía.,2025-05-11,resuelta
2809,3782,1,Inconveniente menor durante la estadía.,2025-05-10,pendiente
655,3800,3,Inconveniente menor durante la estadía.,2025-05-11,resuelta
1824,3806,5,Inconveniente menor durante la estadía.,2025-05-08,resuelta
847,3816,5,Inconveniente menor durante la estadía.,2025-05-11,resuelta
1051,3829,4,Inconveniente menor durante la estadía.,2025-05-11,en proceso
2086,3840,2,Inconveniente menor durante la estadía.,2025-05-13,resuelta
2247,3845,4,Inconveniente menor durante la estadía.,2025-05-11,resuelta
1946,3847,1,Inconveniente menor durante la estadía.,2025-05-12,resuelta
1622,3850,5,Inconveniente menor durante la estadía.,2025-05-11,resuelta
591,3858,4,Inconveniente menor durante la estadía.,2025-05-11,en proceso
64,3880,1,Inconveniente menor durante la estadía.,2025-05-14,en proceso
1108,3887,5,Inconveniente menor durante la estadía.,2025-05-12,resuelta
2972,3941,2,Inconveniente menor durante la estadía.,2025-05-16,en proceso
1063,3945,5,Inconveniente menor durante la estadía.,2025-05-14,resuelta
2633,3959,3,Inconveniente menor durante la estadía.,2025-05-16,en proceso
2416,3975,3,Inconveniente menor durante la estadía.,2025-05-15,pendiente
1926,3984,3,Inconveniente menor durante la estadía.,2025-05-19,pendiente
1783,4014,2,Inconveniente menor durante la estadía.,2025-05-18,en proceso
1900,4017,3,Inconveniente menor durante la estadía.,2025-05-20,pendiente
887,4019,3,Inconveniente menor durante la estadía.,2025-05-16,resuelta
2367,4032,4,Inconveniente menor durante la estadía.,2025-05-18,resuelta
534,4038,4,Inconveniente menor durante la estadía.,2025-05-20,en proceso
897,4055,2,Inconveniente menor durante la estadía.,2025-05-22,en proceso
631,4069,1,Inconveniente menor durante la estadía.,2025-05-18,pendiente
2354,4097,4,Inconveniente menor durante la estadía.,2025-05-22,resuelta
1367,4100,2,Inconveniente menor durante la estadía.,2025-05-23,resuelta
2349,4112,3,Inconveniente menor durante la estadía.,2025-05-23,resuelta
911,4120,5,Inconveniente menor durante la estadía.,2025-05-24,resuelta
1925,4130,1,Inconveniente menor durante la estadía.,2025-05-23,pendiente
1415,4138,1,Inconveniente menor durante la estadía.,2025-05-22,en proceso
259,4143,5,Inconveniente menor durante la estadía.,2025-05-23,pendiente
2426,4159,2,Inconveniente menor durante la estadía.,2025-05-24,resuelta
2382,4174,2,Inconveniente menor durante la estadía.,2025-05-26,pendiente
2198,4175,1,Inconveniente menor durante la estadía.,2025-05-26,pendiente
1507,4183,1,Inconveniente menor durante la estadía.,2025-05-22,en proceso
223,4185,5,Inconveniente menor durante la estadía.,2025-05-24,resuelta
2461,4195,5,Inconveniente menor durante la estadía.,2025-05-24,pendiente
2427,4200,5,Inconveniente menor durante la estadía.,2025-05-26,pendiente
1210,4207,5,Inconveniente menor durante la estadía.,2025-05-23,en proceso
1051,4222,2,Inconveniente menor durante la estadía.,2025-05-24,en proceso
1649,4232,2,Inconveniente menor durante la estadía.,2025-05-25,pendiente
2021,4259,5,Inconveniente menor durante la estadía.,2025-05-27,en proceso
1234,4295,1,Inconveniente menor durante la estadía.,2025-05-30,en proceso
2936,4306,5,Inconveniente menor durante la estadía.,2025-05-31,pendiente
2439,4311,2,Inconveniente menor durante la estadía.,2025-05-31,resuelta
2446,4313,1,Inconveniente menor durante la estadía.,2025-05-28,en proceso
2526,4314,1,Inconveniente menor durante la estadía.,2025-05-30,pendiente
1260,4325,3,Inconveniente menor durante la estadía.,2025-05-29,pendiente
202,4333,1,Inconveniente menor durante la estadía.,2025-05-31,resuelta
2991,4354,1,Inconveniente menor durante la estadía.,2025-05-31,resuelta
2623,4358,5,Inconveniente menor durante la estadía.,2025-05-29,en proceso
1521,4361,4,Inconveniente menor durante la estadía.,2025-05-30,en proceso
1790,4374,5,Inconveniente menor durante la estadía.,2025-06-02,en proceso
1189,4379,2,Inconveniente menor durante la estadía.,2025-06-03,en proceso
1618,4385,1,Inconveniente menor durante la estadía.,2025-05-31,en proceso
2275,4406,1,Inconveniente menor durante la estadía.,2025-06-01,pendiente
2832,4409,3,Inconveniente menor durante la estadía.,2025-06-03,en proceso
128,4423,5,Inconveniente menor durante la estadía.,2025-06-03,en proceso
232,4433,1,Inconveniente menor durante la estadía.,2025-06-05,en proceso
2150,4437,3,Inconveniente menor durante la estadía.,2025-06-05,pendiente
29,4448,1,Inconveniente menor durante la estadía.,2025-06-04,en proceso
1079,4460,4,Inconveniente menor durante la estadía.,2025-06-04,pendiente
1980,4462,5,Inconveniente menor durante la estadía.,2025-06-04,pendiente
2292,4474,4,Inconveniente menor durante la estadía.,2025-06-05,en proceso
1358,4475,4,Inconveniente menor durante la estadía.,2025-06-02,resuelta
54,4484,1,Inconveniente menor durante la estadía.,2025-06-05,resuelta
1547,4493,5,Inconveniente menor durante la estadía.,2025-06-07,en proceso
2799,4510,3,Inconveniente menor durante la estadía.,2025-06-06,en proceso
217,4527,2,Inconveniente menor durante la estadía.,2025-06-07,pendiente
393,4533,2,Inconveniente menor durante la estadía.,2025-06-05,resuelta
194,4539,3,Inconveniente menor durante la estadía.,2025-06-06,resuelta
2259,4561,3,Inconveniente menor durante la estadía.,2025-06-10,resuelta
1328,4565,1,Inconveniente menor durante la estadía.,2025-06-07,resuelta
1736,4574,5,Inconveniente menor durante la estadía.,2025-06-10,en proceso
43,4596,4,Inconveniente menor durante la estadía.,2025-06-10,pendiente
103,4597,2,Inconveniente menor durante la estadía.,2025-06-07,resuelta
2694,4614,3,Inconveniente menor durante la estadía.,2025-06-08,resuelta
338,4616,5,Inconveniente menor durante la estadía.,2025-06-09,resuelta
788,4635,1,Inconveniente menor durante la estadía.,2025-06-09,en proceso
1288,4643,4,Inconveniente menor durante la estadía.,2025-06-09,pendiente
1680,4651,3,Inconveniente menor durante la estadía.,2025-06-13,resuelta
985,4672,1,Inconveniente menor durante la estadía.,2025-06-11,en proceso
1401,4675,3,Inconveniente menor durante la estadía.,2025-06-12,en proceso
118,4677,5,Inconveniente menor durante la estadía.,2025-06-14,pendiente
2519,4705,2,Inconveniente menor durante la estadía.,2025-06-11,pendiente
2699,4708,2,Inconveniente menor durante la estadía.,2025-06-12,resuelta
2040,4718,4,Inconveniente menor durante la estadía.,2025-06-12,en proceso
294,4726,4,Inconveniente menor durante la estadía.,2025-06-15,pendiente
403,4727,2,Inconveniente menor durante la estadía.,2025-06-12,pendiente
1309,4739,5,Inconveniente menor durante la estadía.,2025-06-13,resuelta
2749,4751,2,Inconveniente menor durante la estadía.,2025-06-14,en proceso
519,4754,1,Inconveniente menor durante la estadía.,2025-06-15,pendiente
1733,4755,2,Inconveniente menor durante la estadía.,2025-06-14,en proceso
1171,4766,4,Inconveniente menor durante la estadía.,2025-06-13,resuelta
1310,4770,1,Inconveniente menor durante la estadía.,2025-06-16,en proceso
2633,4842,3,Inconveniente menor durante la estadía.,2025-06-20,resuelta
2086,4851,2,Inconveniente menor durante la estadía.,2025-06-16,resuelta
2379,4860,1,Inconveniente menor durante la estadía.,2025-06-19,pendiente
204,4873,1,Inconveniente menor durante la estadía.,2025-06-20,resuelta
814,4889,2,Inconveniente menor durante la estadía.,2025-06-22,pendiente
1831,4900,5,Inconveniente menor durante la estadía.,2025-06-21,resuelta
2691,4908,5,Inconveniente menor durante la estadía.,2025-06-20,pendiente
2145,4911,1,Inconveniente menor durante la estadía.,2025-06-19,pendiente
2174,4930,3,Inconveniente menor durante la estadía.,2025-06-23,en proceso
638,4946,2,Inconveniente menor durante la estadía.,2025-06-24,en proceso
697,4955,4,Inconveniente menor durante la estadía.,2025-06-20,en proceso
807,4966,3,Inconveniente menor durante la estadía.,2025-06-24,resuelta
2207,4995,5,Inconveniente menor durante la estadía.,2025-06-24,pendiente
2464,5024,5,Inconveniente menor durante la estadía.,2025-06-23,resuelta
2895,5045,5,Inconveniente menor durante la estadía.,2025-06-24,resuelta
2152,5047,1,Inconveniente menor durante la estadía.,2025-06-27,en proceso
1109,5051,2,Inconveniente menor durante la estadía.,2025-06-27,pendiente
1102,5076,2,Inconveniente menor durante la estadía.,2025-06-27,en proceso
331,5089,3,Inconveniente menor durante la estadía.,2025-06-25,en proceso
1069,5094,1,Inconveniente menor durante la estadía.,2025-06-27,resuelta
77,5096,3,Inconveniente menor durante la estadía.,2025-06-27,pendiente
1437,5105,2,Inconveniente menor durante la estadía.,2025-06-29,en proceso
2786,5112,2,Inconveniente menor durante la estadía.,2025-06-27,en proceso
2854,5120,1,Inconveniente menor durante la estadía.,2025-06-28,en proceso
2480,5121,4,Inconveniente menor durante la estadía.,2025-06-30,resuelta
615,5131,4,Inconveniente menor durante la estadía.,2025-06-30,en proceso
119,5135,1,Inconveniente menor durante la estadía.,2025-06-29,pendiente
276,5150,3,Inconveniente menor durante la estadía.,2025-06-29,en proceso
874,5152,5,Inconveniente menor durante la estadía.,2025-06-28,pendiente
1408,5163,5,Inconveniente menor durante la estadía.,2025-06-29,en proceso
1578,5169,1,Inconveniente menor durante la estadía.,2025-06-30,en proceso
344,5175,5,Inconveniente menor durante la estadía.,2025-06-29,en proceso
1334,5181,4,Inconveniente menor durante la estadía.,2025-06-30,pendiente
383,5186,4,Inconveniente menor durante la estadía.,2025-07-02,pendiente
647,5195,1,Inconveniente menor durante la estadía.,2025-06-30,resuelta
1768,5207,4,Inconveniente menor durante la estadía.,2025-07-01,en proceso
2175,5208,2,Inconveniente menor durante la estadía.,2025-07-02,en proceso
897,5230,4,Inconveniente menor durante la estadía.,2025-07-04,pendiente
898,5250,3,Inconveniente menor durante la estadía.,2025-07-03,en proceso
2759,5261,1,Inconveniente menor durante la estadía.,2025-07-01,pendiente
2309,5277,1,Inconveniente menor durante la estadía.,2025-07-04,pendiente
1444,5284,4,Inconveniente menor durante la estadía.,2025-07-03,en proceso
2390,5326,4,Inconveniente menor durante la estadía.,2025-07-06,resuelta
184,5353,2,Inconveniente menor durante la estadía.,2025-07-05,en proceso
1894,5364,4,Inconveniente menor durante la estadía.,2025-07-04,resuelta
2420,5383,4,Inconveniente menor durante la estadía.,2025-07-09,pendiente
1868,5400,5,Inconveniente menor durante la estadía.,2025-07-09,en proceso
884,5415,5,Inconveniente menor durante la estadía.,2025-07-07,en proceso
2453,5420,5,Inconveniente menor durante la estadía.,2025-07-07,pendiente
994,5421,1,Inconveniente menor durante la estadía.,2025-07-08,pendiente
937,5430,5,Inconveniente menor durante la estadía.,2025-07-06,pendiente
308,5431,1,Inconveniente menor durante la estadía.,2025-07-07,pendiente
1833,5448,4,Inconveniente menor durante la estadía.,2025-07-11,pendiente
302,5460,4,Inconveniente menor durante la estadía.,2025-07-09,resuelta
634,5461,3,Inconveniente menor durante la estadía.,2025-07-11,pendiente
1925,5472,3,Inconveniente menor durante la estadía.,2025-07-12,resuelta
2652,5495,5,Inconveniente menor durante la estadía.,2025-07-09,pendiente
2985,5499,1,Inconveniente menor durante la estadía.,2025-07-11,pendiente
323,5525,3,Inconveniente menor durante la estadía.,2025-07-09,en proceso
712,5532,3,Inconveniente menor durante la estadía.,2025-07-10,resuelta
631,5537,1,Inconveniente menor durante la estadía.,2025-07-12,resuelta
2052,5538,3,Inconveniente menor durante la estadía.,2025-07-13,resuelta
1711,5542,4,Inconveniente menor durante la estadía.,2025-07-12,en proceso
2147,5551,4,Inconveniente menor durante la estadía.,2025-07-11,resuelta
2585,5578,5,Inconveniente menor durante la estadía.,2025-07-14,pendiente
928,5606,1,Inconveniente menor durante la estadía.,2025-07-12,en proceso
196,5621,1,Inconveniente menor durante la estadía.,2025-07-14,resuelta
1875,5625,4,Inconveniente menor durante la estadía.,2025-07-13,en proceso
2519,5630,3,Inconveniente menor durante la estadía.,2025-07-15,pendiente
1437,5633,1,Inconveniente menor durante la estadía.,2025-07-15,en proceso
1113,5641,2,Inconveniente menor durante la estadía.,2025-07-17,pendiente
1369,5651,5,Inconveniente menor durante la estadía.,2025-07-15,en proceso
1957,5659,4,Inconveniente menor durante la estadía.,2025-07-17,pendiente
1948,5675,3,Inconveniente menor durante la estadía.,2025-07-15,resuelta
1738,5680,4,Inconveniente menor durante la estadía.,2025-07-16,pendiente
1659,5686,3,Inconveniente menor durante la estadía.,2025-07-18,en proceso
302,5687,1,Inconveniente menor durante la estadía.,2025-07-15,resuelta
1058,5704,5,Inconveniente menor durante la estadía.,2025-07-16,en proceso
476,5706,3,Inconveniente menor durante la estadía.,2025-07-15,resuelta
2862,5711,4,Inconveniente menor durante la estadía.,2025-07-18,en proceso
454,5730,2,Inconveniente menor durante la estadía.,2025-07-16,en proceso
2150,5731,4,Inconveniente menor durante la estadía.,2025-07-19,en proceso
548,5734,4,Inconveniente menor durante la estadía.,2025-07-19,en proceso
2821,5742,4,Inconveniente menor durante la estadía.,2025-07-18,pendiente
1602,5754,2,Inconveniente menor durante la estadía.,2025-07-19,pendiente
1212,5759,3,Inconveniente menor durante la estadía.,2025-07-17,pendiente
2246,5781,5,Inconveniente menor durante la estadía.,2025-07-21,pendiente
1428,5786,2,Inconveniente menor durante la estadía.,2025-07-17,en proceso
178,5804,1,Inconveniente menor durante la estadía.,2025-07-18,resuelta
1296,5817,5,Inconveniente menor durante la estadía.,2025-07-19,resuelta
642,5819,2,Inconveniente menor durante la estadía.,2025-07-22,en proceso
2271,5822,4,Inconveniente menor durante la estadía.,2025-07-19,en proceso
1286,5829,2,Inconveniente menor durante la estadía.,2025-07-21,resuelta
2042,5843,1,Inconveniente menor durante la estadía.,2025-07-22,resuelta
1640,5847,2,Inconveniente menor durante la estadía.,2025-07-20,pendiente
1738,5848,2,Inconveniente menor durante la estadía.,2025-07-20,en proceso
153,5851,3,Inconveniente menor durante la estadía.,2025-07-23,en proceso
849,5853,4,Inconveniente menor durante la estadía.,2025-07-19,pendiente
1060,5867,2,Inconveniente menor durante la estadía.,2025-07-22,resuelta
1803,5870,5,Inconveniente menor durante la estadía.,2025-07-22,pendiente
1168,5894,5,Inconveniente menor durante la estadía.,2025-07-21,en proceso
2865,5896,3,Inconveniente menor durante la estadía.,2025-07-24,pendiente
3,5898,2,Inconveniente menor durante la estadía.,2025-07-25,en proceso
49,5903,2,Inconveniente menor durante la estadía.,2025-07-21,pendiente
1493,5904,4,Inconveniente menor durante la estadía.,2025-07-24,en proceso
472,5914,1,Inconveniente menor durante la estadía.,2025-07-25,resuelta
2172,5915,1,Inconveniente menor durante la estadía.,2025-07-21,pendiente
2761,5921,1,Inconveniente menor durante la estadía.,2025-07-21,pendiente
2715,5934,5,Inconveniente menor durante la estadía.,2025-07-25,pendiente
1148,5938,3,Inconveniente menor durante la estadía.,2025-07-26,en proceso
1364,5950,1,Inconveniente menor durante la estadía.,2025-07-25,pendiente
1773,5972,3,Inconveniente menor durante la estadía.,2025-07-26,en proceso
325,5976,1,Inconveniente menor durante la estadía.,2025-07-24,en proceso
1836,5992,4,Inconveniente menor durante la estadía.,2025-07-26,pendiente
428,5996,5,Inconveniente menor durante la estadía.,2025-07-26,resuelta
838,6029,1,Inconveniente menor durante la estadía.,2025-07-25,en proceso
2993,6031,4,Inconveniente menor durante la estadía.,2025-07-29,en proceso
631,6040,1,Inconveniente menor durante la estadía.,2025-07-27,pendiente
1892,6045,2,Inconveniente menor durante la estadía.,2025-07-27,en proceso
790,6080,2,Inconveniente menor durante la estadía.,2025-07-31,en proceso
946,6093,1,Inconveniente menor durante la estadía.,2025-07-30,resuelta
851,6113,3,Inconveniente menor durante la estadía.,2025-07-31,en proceso
136,6117,1,Inconveniente menor durante la estadía.,2025-07-30,pendiente
1995,6121,3,Inconveniente menor durante la estadía.,2025-07-29,resuelta
168,6136,3,Inconveniente menor durante la estadía.,2025-07-29,pendiente
369,6137,2,Inconveniente menor durante la estadía.,2025-07-30,pendiente
828,6139,3,Inconveniente menor durante la estadía.,2025-08-01,resuelta
127,6156,3,Inconveniente menor durante la estadía.,2025-08-02,resuelta
2856,6190,4,Inconveniente menor durante la estadía.,2025-08-01,pendiente
2600,6199,2,Inconveniente menor durante la estadía.,2025-08-02,resuelta
892,6213,4,Inconveniente menor durante la estadía.,2025-08-04,en proceso
1623,6217,3,Inconveniente menor durante la estadía.,2025-07-31,en proceso
1388,6274,1,Inconveniente menor durante la estadía.,2025-08-06,pendiente
47,6283,2,Inconveniente menor durante la estadía.,2025-08-07,pendiente
902,6286,4,Inconveniente menor durante la estadía.,2025-08-07,pendiente
244,6299,2,Inconveniente menor durante la estadía.,2025-08-04,en proceso
2872,6301,2,Inconveniente menor durante la estadía.,2025-08-07,pendiente
669,6303,2,Inconveniente menor durante la estadía.,2025-08-06,pendiente
1123,6305,2,Inconveniente menor durante la estadía.,2025-08-07,pendiente
1695,6335,1,Inconveniente menor durante la estadía.,2025-08-07,resuelta
942,6336,3,Inconveniente menor durante la estadía.,2025-08-09,pendiente
526,6351,5,Inconveniente menor durante la estadía.,2025-08-06,en proceso
651,6355,3,Inconveniente menor durante la estadía.,2025-08-08,en proceso
1830,6358,5,Inconveniente menor durante la estadía.,2025-08-09,en proceso
875,6366,3,Inconveniente menor durante la estadía.,2025-08-06,en proceso
2872,6372,5,Inconveniente menor durante la estadía.,2025-08-10,resuelta
2420,6375,3,Inconveniente menor durante la estadía.,2025-08-10,en proceso
1279,6381,5,Inconveniente menor durante la estadía.,2025-08-06,resuelta
1258,6398,4,Inconveniente menor durante la estadía.,2025-08-07,resuelta
794,6422,5,Inconveniente menor durante la estadía.,2025-08-09,pendiente
2325,6424,1,Inconveniente menor durante la estadía.,2025-08-11,resuelta
2532,6426,4,Inconveniente menor durante la estadía.,2025-08-11,pendiente
393,6428,1,Inconveniente menor durante la estadía.,2025-08-12,pendiente
210,6435,2,Inconveniente menor durante la estadía.,2025-08-11,pendiente
2462,6448,1,Inconveniente menor durante la estadía.,2025-08-12,en proceso
1194,6454,2,Inconveniente menor durante la estadía.,2025-08-10,pendiente
2185,6460,1,Inconveniente menor durante la estadía.,2025-08-12,resuelta
2704,6480,2,Inconveniente menor durante la estadía.,2025-08-12,pendiente
1334,6484,3,Inconveniente menor durante la estadía.,2025-08-14,en proceso
2809,6509,2,Inconveniente menor durante la estadía.,2025-08-14,resuelta
158,6524,3,Inconveniente menor durante la estadía.,2025-08-16,resuelta
2948,6527,1,Inconveniente menor durante la estadía.,2025-08-14,pendiente
2865,6538,2,Inconveniente menor durante la estadía.,2025-08-15,pendiente
376,6540,3,Inconveniente menor durante la estadía.,2025-08-16,en proceso
2524,6545,5,Inconveniente menor durante la estadía.,2025-08-12,resuelta
361,6547,4,Inconveniente menor durante la estadía.,2025-08-12,en proceso
2129,6554,5,Inconveniente menor durante la estadía.,2025-08-16,resuelta
996,6571,5,Inconveniente menor durante la estadía.,2025-08-14,pendiente
944,6573,1,Inconveniente menor durante la estadía.,2025-08-14,pendiente
211,6576,5,Inconveniente menor durante la estadía.,2025-08-14,resuelta
1759,6598,3,Inconveniente menor durante la estadía.,2025-08-18,pendiente
236,6611,2,Inconveniente menor durante la estadía.,2025-08-18,pendiente
1859,6615,1,Inconveniente menor durante la estadía.,2025-08-18,en proceso
1117,6618,1,Inconveniente menor durante la estadía.,2025-08-17,en proceso
1533,6634,4,Inconveniente menor durante la estadía.,2025-08-19,pendiente
2479,6635,3,Inconveniente menor durante la estadía.,2025-08-18,resuelta
387,6636,1,Inconveniente menor durante la estadía.,2025-08-19,pendiente
612,6642,3,Inconveniente menor durante la estadía.,2025-08-18,en proceso
1902,6655,2,Inconveniente menor durante la estadía.,2025-08-20,resuelta
431,6656,1,Inconveniente menor durante la estadía.,2025-08-16,en proceso
1913,6663,5,Inconveniente menor durante la estadía.,2025-08-19,pendiente
20,6696,4,Inconveniente menor durante la estadía.,2025-08-20,resuelta
2549,6700,3,Inconveniente menor durante la estadía.,2025-08-20,resuelta
616,6701,2,Inconveniente menor durante la estadía.,2025-08-22,en proceso
291,6702,3,Inconveniente menor durante la estadía.,2025-08-22,en proceso
1370,6709,4,Inconveniente menor durante la estadía.,2025-08-20,en proceso
1595,6711,4,Inconveniente menor durante la estadía.,2025-08-20,en proceso
276,6720,1,Inconveniente menor durante la estadía.,2025-08-21,en proceso
496,6733,3,Inconveniente menor durante la estadía.,2025-08-23,resuelta
2930,6746,4,Inconveniente menor durante la estadía.,2025-08-21,resuelta
1617,6747,4,Inconveniente menor durante la estadía.,2025-08-21,pendiente
2865,6761,3,Inconveniente menor durante la estadía.,2025-08-22,en proceso
2666,6765,1,Inconveniente menor durante la estadía.,2025-08-21,pendiente
2666,6768,3,Inconveniente menor durante la estadía.,2025-08-20,pendiente
2949,6769,5,Inconveniente menor durante la estadía.,2025-08-23,pendiente
2963,6771,5,Inconveniente menor durante la estadía.,2025-08-20,pendiente
876,6848,2,Inconveniente menor durante la estadía.,2025-08-23,en proceso
233,6856,1,Inconveniente menor durante la estadía.,2025-08-27,en proceso
1110,6857,5,Inconveniente menor durante la estadía.,2025-08-27,pendiente
466,6861,2,Inconveniente menor durante la estadía.,2025-08-24,resuelta
2661,6863,2,Inconveniente menor durante la estadía.,2025-08-27,pendiente
1295,6867,1,Inconveniente menor durante la estadía.,2025-08-25,en proceso
2309,6893,2,Inconveniente menor durante la estadía.,2025-08-28,resuelta
280,6921,4,Inconveniente menor durante la estadía.,2025-08-29,en proceso
1825,6936,4,Inconveniente menor durante la estadía.,2025-08-28,pendiente
57,6937,4,Inconveniente menor durante la estadía.,2025-08-27,pendiente
525,6946,5,Inconveniente menor durante la estadía.,2025-08-30,en proceso
1582,6950,1,Inconveniente menor durante la estadía.,2025-08-30,pendiente
1789,6984,4,Inconveniente menor durante la estadía.,2025-08-31,resuelta
2061,6989,3,Inconveniente menor durante la estadía.,2025-09-01,en proceso
581,7008,3,Inconveniente menor durante la estadía.,2025-08-30,pendiente
1482,7009,3,Inconveniente menor durante la estadía.,2025-09-01,en proceso
2425,7030,3,Inconveniente menor durante la estadía.,2025-08-30,pendiente
1768,7031,3,Inconveniente menor durante la estadía.,2025-08-30,en proceso
527,7036,4,Inconveniente menor durante la estadía.,2025-08-29,en proceso
2962,7038,4,Inconveniente menor durante la estadía.,2025-09-01,resuelta
1601,7039,5,Inconveniente menor durante la estadía.,2025-08-30,pendiente
2465,7040,3,Inconveniente menor durante la estadía.,2025-08-31,en proceso
1284,7044,2,Inconveniente menor durante la estadía.,2025-09-01,resuelta
2539,7050,4,Inconveniente menor durante la estadía.,2025-08-30,pendiente
884,7071,5,Inconveniente menor durante la estadía.,2025-09-02,resuelta
894,7078,2,Inconveniente menor durante la estadía.,2025-09-02,resuelta
1336,7094,3,Inconveniente menor durante la estadía.,2025-09-02,en proceso
758,7098,5,Inconveniente menor durante la estadía.,2025-09-01,pendiente
2236,7106,5,Inconveniente menor durante la estadía.,2025-09-01,pendiente
2818,7109,4,Inconveniente menor durante la estadía.,2025-09-03,resuelta
677,7113,2,Inconveniente menor durante la estadía.,2025-09-04,en proceso
2249,7121,4,Inconveniente menor durante la estadía.,2025-09-06,resuelta
473,7148,2,Inconveniente menor durante la estadía.,2025-09-06,en proceso
1980,7168,4,Inconveniente menor durante la estadía.,2025-09-03,pendiente
1027,7175,2,Inconveniente menor durante la estadía.,2025-09-07,en proceso
2444,7185,3,Inconveniente menor durante la estadía.,2025-09-07,en proceso
1804,7203,4,Inconveniente menor durante la estadía.,2025-09-05,resuelta
2985,7204,4,Inconveniente menor durante la estadía.,2025-09-05,resuelta
2606,7205,5,Inconveniente menor durante la estadía.,2025-09-06,resuelta
2588,7231,3,Inconveniente menor durante la estadía.,2025-09-04,en proceso
1504,7233,2,Inconveniente menor durante la estadía.,2025-09-05,resuelta
2167,7241,3,Inconveniente menor durante la estadía.,2025-09-05,en proceso
216,7257,5,Inconveniente menor durante la estadía.,2025-09-08,resuelta
1524,7261,2,Inconveniente menor durante la estadía.,2025-09-07,resuelta
2257,7294,5,Inconveniente menor durante la estadía.,2025-09-09,resuelta
528,7303,5,Inconveniente menor durante la estadía.,2025-09-07,pendiente
577,7309,1,Inconveniente menor durante la estadía.,2025-09-09,en proceso
2214,7320,4,Inconveniente menor durante la estadía.,2025-09-11,resuelta
1356,7325,1,Inconveniente menor durante la estadía.,2025-09-09,resuelta
1045,7338,3,Inconveniente menor durante la estadía.,2025-09-09,resuelta
938,7342,1,Inconveniente menor durante la estadía.,2025-09-09,resuelta
1860,7343,1,Inconveniente menor durante la estadía.,2025-09-09,en proceso
741,7344,5,Inconveniente menor durante la estadía.,2025-09-12,pendiente
2560,7347,1,Inconveniente menor durante la estadía.,2025-09-10,pendiente
1518,7351,1,Inconveniente menor durante la estadía.,2025-09-08,pendiente
2775,7371,1,Inconveniente menor durante la estadía.,2025-09-12,en proceso
2612,7409,2,Inconveniente menor durante la estadía.,2025-09-11,en proceso
2078,7411,1,Inconveniente menor durante la estadía.,2025-09-11,pendiente
253,7421,3,Inconveniente menor durante la estadía.,2025-09-14,resuelta
1673,7428,5,Inconveniente menor durante la estadía.,2025-09-11,en proceso
2531,7447,4,Inconveniente menor durante la estadía.,2025-09-15,en proceso
2650,7449,5,Inconveniente menor durante la estadía.,2025-09-13,en proceso
1204,7464,4,Inconveniente menor durante la estadía.,2025-09-12,resuelta
2803,7489,2,Inconveniente menor durante la estadía.,2025-09-17,resuelta
1460,7506,5,Inconveniente menor durante la estadía.,2025-09-16,en proceso
2214,7519,4,Inconveniente menor durante la estadía.,2025-09-15,en proceso
2376,7527,5,Inconveniente menor durante la estadía.,2025-09-17,en proceso
2205,7548,4,Inconveniente menor durante la estadía.,2025-09-18,resuelta
1610,7551,1,Inconveniente menor durante la estadía.,2025-09-16,pendiente
966,7554,5,Inconveniente menor durante la estadía.,2025-09-15,resuelta
312,7573,4,Inconveniente menor durante la estadía.,2025-09-17,pendiente
1993,7594,4,Inconveniente menor durante la estadía.,2025-09-17,resuelta
982,7595,3,Inconveniente menor durante la estadía.,2025-09-17,en proceso
1204,7612,3,Inconveniente menor durante la estadía.,2025-09-20,pendiente
864,7617,1,Inconveniente menor durante la estadía.,2025-09-21,en proceso
172,7630,4,Inconveniente menor durante la estadía.,2025-09-20,resuelta
381,7632,5,Inconveniente menor durante la estadía.,2025-09-17,pendiente
1202,7643,3,Inconveniente menor durante la estadía.,2025-09-18,resuelta
427,7645,1,Inconveniente menor durante la estadía.,2025-09-19,en proceso
2250,7652,4,Inconveniente menor durante la estadía.,2025-09-19,en proceso
2918,7701,2,Inconveniente menor durante la estadía.,2025-09-19,pendiente
2655,7719,5,Inconveniente menor durante la estadía.,2025-09-23,pendiente
823,7722,5,Inconveniente menor durante la estadía.,2025-09-24,en proceso
1625,7727,1,Inconveniente menor durante la estadía.,2025-09-20,pendiente
2388,7732,5,Inconveniente menor durante la estadía.,2025-09-21,resuelta
2847,7742,5,Inconveniente menor durante la estadía.,2025-09-21,en proceso
2072,7749,4,Inconveniente menor durante la estadía.,2025-09-22,en proceso
2588,7757,5,Inconveniente menor durante la estadía.,2025-09-25,en proceso
1630,7760,4,Inconveniente menor durante la estadía.,2025-09-21,en proceso
569,7775,4,Inconveniente menor durante la estadía.,2025-09-23,resuelta
503,7777,4,Inconveniente menor durante la estadía.,2025-09-24,resuelta
2298,7779,2,Inconveniente menor durante la estadía.,2025-09-25,en proceso
747,7827,4,Inconveniente menor durante la estadía.,2025-09-26,pendiente
1118,7832,5,Inconveniente menor durante la estadía.,2025-09-24,resuelta
1898,7838,1,Inconveniente menor durante la estadía.,2025-09-27,en proceso
1083,7845,5,Inconveniente menor durante la estadía.,2025-09-27,en proceso
1882,7847,3,Inconveniente menor durante la estadía.,2025-09-24,pendiente
207,7849,3,Inconveniente menor durante la estadía.,2025-09-25,pendiente
1067,7857,1,Inconveniente menor durante la estadía.,2025-09-24,resuelta
1231,7866,4,Inconveniente menor durante la estadía.,2025-09-24,en proceso
2926,7872,4,Inconveniente menor durante la estadía.,2025-09-29,pendiente
2838,7885,2,Inconveniente menor durante la estadía.,2025-09-26,resuelta
1682,7892,3,Inconveniente menor durante la estadía.,2025-09-26,en proceso
1295,7897,2,Inconveniente menor durante la estadía.,2025-09-28,en proceso
2193,7923,3,Inconveniente menor durante la estadía.,2025-09-30,en proceso
1953,7926,3,Inconveniente menor durante la estadía.,2025-09-29,pendiente
1136,7936,1,Inconveniente menor durante la estadía.,2025-09-28,pendiente
2694,7937,3,Inconveniente menor durante la estadía.,2025-09-28,resuelta
30,7963,3,Inconveniente menor durante la estadía.,2025-09-30,en proceso
2830,7964,2,Inconveniente menor durante la estadía.,2025-09-29,pendiente
266,7969,1,Inconveniente menor durante la estadía.,2025-09-29,resuelta
1834,7987,3,Inconveniente menor durante la estadía.,2025-10-02,pendiente
1196,7988,5,Inconveniente menor durante la estadía.,2025-10-02,resuelta
57,7992,1,Inconveniente menor durante la estadía.,2025-10-01,resuelta
2406,7997,2,Inconveniente menor durante la estadía.,2025-10-03,en proceso
167,8001,2,Inconveniente menor durante la estadía.,2025-10-03,en proceso
865,8002,1,Inconveniente menor durante la estadía.,2025-10-02,resuelta
399,8004,4,Inconveniente menor durante la estadía.,2025-10-03,en proceso
1709,8011,1,Inconveniente menor durante la estadía.,2025-10-03,en proceso
1034,8019,2,Inconveniente menor durante la estadía.,2025-10-02,en proceso
663,8023,1,Inconveniente menor durante la estadía.,2025-09-30,en proceso
14,8042,4,Inconveniente menor durante la estadía.,2025-10-02,en proceso
1675,8064,5,Inconveniente menor durante la estadía.,2025-10-04,resuelta
2506,8089,4,Inconveniente menor durante la estadía.,2025-10-06,en proceso
714,8101,1,Inconveniente menor durante la estadía.,2025-10-04,pendiente
849,8120,5,Inconveniente menor durante la estadía.,2025-10-07,resuelta
615,8131,5,Inconveniente menor durante la estadía.,2025-10-03,pendiente
2922,8137,5,Inconveniente menor durante la estadía.,2025-10-04,pendiente
465,8151,5,Inconveniente menor durante la estadía.,2025-10-04,pendiente
772,8167,5,Inconveniente menor durante la estadía.,2025-10-06,en proceso
2618,8172,4,Inconveniente menor durante la estadía.,2025-10-04,resuelta
2345,8182,3,Inconveniente menor durante la estadía.,2025-10-09,resuelta
760,8195,1,Inconveniente menor durante la estadía.,2025-10-05,en proceso
1293,8200,4,Inconveniente menor durante la estadía.,2025-10-06,resuelta
1069,8204,1,Inconveniente menor durante la estadía.,2025-10-08,en proceso
207,8206,2,Inconveniente menor durante la estadía.,2025-10-07,en proceso
2002,8210,1,Inconveniente menor durante la estadía.,2025-10-07,en proceso
1659,8216,4,Inconveniente menor durante la estadía.,2025-10-08,resuelta
2988,8217,3,Inconveniente menor durante la estadía.,2025-10-07,pendiente
430,8220,3,Inconveniente menor durante la estadía.,2025-10-10,en proceso
762,8223,4,Inconveniente menor durante la estadía.,2025-10-10,pendiente
63,8232,3,Inconveniente menor durante la estadía.,2025-10-09,en proceso
2733,8234,5,Inconveniente menor durante la estadía.,2025-10-07,resuelta
238,8236,4,Inconveniente menor durante la estadía.,2025-10-09,resuelta
1828,8240,1,Inconveniente menor durante la estadía.,2025-10-07,resuelta
372,8242,5,Inconveniente menor durante la estadía.,2025-10-08,resuelta
35,8247,3,Inconveniente menor durante la estadía.,2025-10-10,resuelta
113,8248,2,Inconveniente menor durante la estadía.,2025-10-08,en proceso
1055,8267,3,Inconveniente menor durante la estadía.,2025-10-09,pendiente
79,8269,2,Inconveniente menor durante la estadía.,2025-10-11,pendiente
1156,8275,2,Inconveniente menor durante la estadía.,2025-10-08,pendiente
985,8282,5,Inconveniente menor durante la estadía.,2025-10-10,pendiente
1647,8286,5,Inconveniente menor durante la estadía.,2025-10-11,en proceso
2637,8289,3,Inconveniente menor durante la estadía.,2025-10-10,en proceso
345,8290,2,Inconveniente menor durante la estadía.,2025-10-10,resuelta
1862,8302,1,Inconveniente menor durante la estadía.,2025-10-13,pendiente
671,8306,5,Inconveniente menor durante la estadía.,2025-10-11,en proceso
2695,8307,2,Inconveniente menor durante la estadía.,2025-10-13,resuelta
863,8320,5,Inconveniente menor durante la estadía.,2025-10-13,pendiente
646,8326,4,Inconveniente menor durante la estadía.,2025-10-12,en proceso
1591,8337,2,Inconveniente menor durante la estadía.,2025-10-10,pendiente
582,8339,4,Inconveniente menor durante la estadía.,2025-10-14,resuelta
87,8340,2,Inconveniente menor durante la estadía.,2025-10-10,pendiente
191,8359,5,Inconveniente menor durante la estadía.,2025-10-13,resuelta
2947,8377,4,Inconveniente menor durante la estadía.,2025-10-12,en proceso
2891,8382,2,Inconveniente menor durante la estadía.,2025-10-12,en proceso
218,8389,1,Inconveniente menor durante la estadía.,2025-10-15,pendiente
1939,8422,2,Inconveniente menor durante la estadía.,2025-10-16,en proceso
1854,8429,1,Inconveniente menor durante la estadía.,2025-10-14,pendiente
81,8447,1,Inconveniente menor durante la estadía.,2025-10-18,pendiente
2663,8453,1,Inconveniente menor durante la estadía.,2025-10-16,en proceso
2496,8454,4,Inconveniente menor durante la estadía.,2025-10-18,en proceso
1260,8464,3,Inconveniente menor durante la estadía.,2025-10-17,en proceso
2054,8465,2,Inconveniente menor durante la estadía.,2025-10-15,resuelta
1686,8481,3,Inconveniente menor durante la estadía.,2025-10-16,pendiente
2372,8491,4,Inconveniente menor durante la estadía.,2025-10-19,pendiente
176,8499,1,Inconveniente menor durante la estadía.,2025-10-18,resuelta
238,8502,5,Inconveniente menor durante la estadía.,2025-10-20,pendiente
1550,8510,2,Inconveniente menor durante la estadía.,2025-10-16,en proceso
2035,8535,4,Inconveniente menor durante la estadía.,2025-10-17,pendiente
179,8546,4,Inconveniente menor durante la estadía.,2025-10-19,pendiente
2979,8564,2,Inconveniente menor durante la estadía.,2025-10-20,pendiente
789,8577,2,Inconveniente menor durante la estadía.,2025-10-20,resuelta
1532,8579,4,Inconveniente menor durante la estadía.,2025-10-22,pendiente
2202,8580,4,Inconveniente menor durante la estadía.,2025-10-22,en proceso
2152,8588,1,Inconveniente menor durante la estadía.,2025-10-21,en proceso
2345,8593,4,Inconveniente menor durante la estadía.,2025-10-22,resuelta
858,8607,5,Inconveniente menor durante la estadía.,2025-10-22,resuelta
1903,8611,1,Inconveniente menor durante la estadía.,2025-10-20,pendiente
735,8615,3,Inconveniente menor durante la estadía.,2025-10-22,en proceso
216,8617,5,Inconveniente menor durante la estadía.,2025-10-23,resuelta
1638,8624,1,Inconveniente menor durante la estadía.,2025-10-21,resuelta
1272,8644,5,Inconveniente menor durante la estadía.,2025-10-20,en proceso
2648,8652,2,Inconveniente menor durante la estadía.,2025-10-21,resuelta
317,8655,5,Inconveniente menor durante la estadía.,2025-10-24,resuelta
2906,8668,1,Inconveniente menor durante la estadía.,2025-10-24,pendiente
237,8673,3,Inconveniente menor durante la estadía.,2025-10-24,pendiente
2917,8681,3,Inconveniente menor durante la estadía.,2025-10-24,resuelta
725,8684,4,Inconveniente menor durante la estadía.,2025-10-25,pendiente
2720,8693,1,Inconveniente menor durante la estadía.,2025-10-23,en proceso
156,8718,5,Inconveniente menor durante la estadía.,2025-10-27,en proceso
1049,8723,1,Inconveniente menor durante la estadía.,2025-10-25,resuelta
2137,8739,3,Inconveniente menor durante la estadía.,2025-10-26,resuelta
2076,8741,3,Inconveniente menor durante la estadía.,2025-10-26,resuelta
1106,8754,5,Inconveniente menor durante la estadía.,2025-10-27,resuelta
689,8769,4,Inconveniente menor durante la estadía.,2025-10-27,pendiente
2766,8770,2,Inconveniente menor durante la estadía.,2025-10-29,resuelta
128,8771,3,Inconveniente menor durante la estadía.,2025-10-28,pendiente
377,8790,5,Inconveniente menor durante la estadía.,2025-10-29,en proceso
1648,8805,5,Inconveniente menor durante la estadía.,2025-10-26,en proceso
923,8814,4,Inconveniente menor durante la estadía.,2025-10-29,pendiente
42,8833,3,Inconveniente menor durante la estadía.,2025-10-28,en proceso
2274,8859,4,Inconveniente menor durante la estadía.,2025-10-31,pendiente
1263,8886,4,Inconveniente menor durante la estadía.,2025-10-30,resuelta
352,8888,4,Inconveniente menor durante la estadía.,2025-11-02,resuelta
772,8894,2,Inconveniente menor durante la estadía.,2025-10-29,resuelta
104,8896,5,Inconveniente menor durante la estadía.,2025-10-30,en proceso
264,8899,2,Inconveniente menor durante la estadía.,2025-10-30,resuelta
2427,8900,4,Inconveniente menor durante la estadía.,2025-10-31,resuelta
2082,8906,5,Inconveniente menor durante la estadía.,2025-10-30,en proceso
1491,8919,1,Inconveniente menor durante la estadía.,2025-10-30,pendiente
2432,8933,1,Inconveniente menor durante la estadía.,2025-11-01,resuelta
2591,8935,1,Inconveniente menor durante la estadía.,2025-11-01,en proceso
533,8945,2,Inconveniente menor durante la estadía.,2025-11-01,en proceso
1493,8970,4,Inconveniente menor durante la estadía.,2025-11-04,en proceso
2808,8972,2,Inconveniente menor durante la estadía.,2025-11-01,resuelta
1658,8975,3,Inconveniente menor durante la estadía.,2025-11-05,pendiente
1354,8993,5,Inconveniente menor durante la estadía.,2025-11-04,pendiente
690,9021,1,Inconveniente menor durante la estadía.,2025-11-06,resuelta
953,9030,1,Inconveniente menor durante la estadía.,2025-11-06,pendiente
1317,9041,5,Inconveniente menor durante la estadía.,2025-11-06,resuelta
60,9045,3,Inconveniente menor durante la estadía.,2025-11-05,en proceso
2670,9048,4,Inconveniente menor durante la estadía.,2025-11-03,en proceso
2958,9072,1,Inconveniente menor durante la estadía.,2025-11-08,pendiente
2804,9079,1,Inconveniente menor durante la estadía.,2025-11-06,resuelta
2794,9090,2,Inconveniente menor durante la estadía.,2025-11-05,resuelta
2532,9128,3,Inconveniente menor durante la estadía.,2025-11-11,en proceso
1618,9149,4,Inconveniente menor durante la estadía.,2025-11-07,pendiente
2617,9169,1,Inconveniente menor durante la estadía.,2025-11-08,resuelta
2623,9177,4,Inconveniente menor durante la estadía.,2025-11-12,resuelta
633,9182,1,Inconveniente menor durante la estadía.,2025-11-12,pendiente
1743,9187,5,Inconveniente menor durante la estadía.,2025-11-11,resuelta
1452,9193,5,Inconveniente menor durante la estadía.,2025-11-08,en proceso
2762,9207,4,Inconveniente menor durante la estadía.,2025-11-09,en proceso
555,9208,4,Inconveniente menor durante la estadía.,2025-11-09,en proceso
1704,9217,1,Inconveniente menor durante la estadía.,2025-11-10,pendiente
2150,9218,5,Inconveniente menor durante la estadía.,2025-11-10,pendiente
2066,9237,2,Inconveniente menor durante la estadía.,2025-11-14,en proceso
2405,9242,4,Inconveniente menor durante la estadía.,2025-11-11,pendiente
2218,9247,5,Inconveniente menor durante la estadía.,2025-11-12,en proceso
1938,9263,5,Inconveniente menor durante la estadía.,2025-11-13,resuelta
2742,9266,5,Inconveniente menor durante la estadía.,2025-11-12,en proceso
1270,9277,2,Inconveniente menor durante la estadía.,2025-11-15,resuelta
9,9323,3,Inconveniente menor durante la estadía.,2025-11-16,resuelta
2600,9335,5,Inconveniente menor durante la estadía.,2025-11-16,pendiente
2280,9339,5,Inconveniente menor durante la estadía.,2025-11-15,pendiente
2597,9347,1,Inconveniente menor durante la estadía.,2025-11-18,en proceso
1685,9356,2,Inconveniente menor durante la estadía.,2025-11-18,resuelta
1831,9390,3,Inconveniente menor durante la estadía.,2025-11-19,pendiente
708,9402,2,Inconveniente menor durante la estadía.,2025-11-16,resuelta
2074,9420,3,Inconveniente menor durante la estadía.,2025-11-17,resuelta
2695,9426,5,Inconveniente menor durante la estadía.,2025-11-16,pendiente
2817,9427,1,Inconveniente menor durante la estadía.,2025-11-17,resuelta
1161,9428,3,Inconveniente menor durante la estadía.,2025-11-17,pendiente
2322,9437,4,Inconveniente menor durante la estadía.,2025-11-17,resuelta
1876,9438,3,Inconveniente menor durante la estadía.,2025-11-18,resuelta
2498,9449,4,Inconveniente menor durante la estadía.,2025-11-17,pendiente
2593,9467,1,Inconveniente menor durante la estadía.,2025-11-19,resuelta
181,9478,2,Inconveniente menor durante la estadía.,2025-11-20,pendiente
1766,9484,3,Inconveniente menor durante la estadía.,2025-11-20,en proceso
2934,9496,3,Inconveniente menor durante la estadía.,2025-11-19,en proceso
2573,9535,2,Inconveniente menor durante la estadía.,2025-11-20,pendiente
2470,9547,5,Inconveniente menor durante la estadía.,2025-11-21,en proceso
2081,9548,4,Inconveniente menor durante la estadía.,2025-11-20,pendiente
1247,9549,3,Inconveniente menor durante la estadía.,2025-11-20,en proceso
1236,9561,5,Inconveniente menor durante la estadía.,2025-11-24,resuelta
664,9562,2,Inconveniente menor durante la estadía.,2025-11-25,pendiente
2682,9568,5,Inconveniente menor durante la estadía.,2025-11-25,en proceso
1074,9580,2,Inconveniente menor durante la estadía.,2025-11-25,en proceso
2095,9585,3,Inconveniente menor durante la estadía.,2025-11-22,pendiente
2388,9588,2,Inconveniente menor durante la estadía.,2025-11-23,pendiente
352,9598,4,Inconveniente menor durante la estadía.,2025-11-25,resuelta
1472,9608,2,Inconveniente menor durante la estadía.,2025-11-26,en proceso
2122,9614,1,Inconveniente menor durante la estadía.,2025-11-25,resuelta
1520,9628,4,Inconveniente menor durante la estadía.,2025-11-25,pendiente
1718,9630,5,Inconveniente menor durante la estadía.,2025-11-24,en proceso
795,9632,4,Inconveniente menor durante la estadía.,2025-11-26,en proceso
2650,9665,5,Inconveniente menor durante la estadía.,2025-11-29,en proceso
130,9669,2,Inconveniente menor durante la estadía.,2025-11-27,pendiente
302,9672,1,Inconveniente menor durante la estadía.,2025-11-29,en proceso
2815,9673,2,Inconveniente menor durante la estadía.,2025-11-28,resuelta
1361,9674,4,Inconveniente menor durante la estadía.,2025-11-29,en proceso
503,9701,2,Inconveniente menor durante la estadía.,2025-11-26,resuelta
696,9705,1,Inconveniente menor durante la estadía.,2025-11-29,en proceso
1011,9716,5,Inconveniente menor durante la estadía.,2025-11-28,resuelta
248,9725,4,Inconveniente menor durante la estadía.,2025-11-28,resuelta
474,9726,4,Inconveniente menor durante la estadía.,2025-11-27,pendiente
590,9740,3,Inconveniente menor durante la estadía.,2025-11-27,en proceso
2127,9753,5,Inconveniente menor durante la estadía.,2025-11-28,pendiente
2122,9763,2,Inconveniente menor durante la estadía.,2025-12-01,pendiente
1663,9781,1,Inconveniente menor durante la estadía.,2025-12-02,en proceso
1219,9793,3,Inconveniente menor durante la estadía.,2025-11-29,resuelta
733,9796,3,Inconveniente menor durante la estadía.,2025-12-03,resuelta
674,9803,2,Inconveniente menor durante la estadía.,2025-12-01,resuelta
1082,9811,1,Inconveniente menor durante la estadía.,2025-11-30,en proceso
2467,9859,3,Inconveniente menor durante la estadía.,2025-12-03,pendiente
769,9863,1,Inconveniente menor durante la estadía.,2025-12-05,en proceso
1962,9869,2,Inconveniente menor durante la estadía.,2025-12-03,en proceso
309,9875,4,Inconveniente menor durante la estadía.,2025-12-05,en proceso
414,9886,4,Inconveniente menor durante la estadía.,2025-12-04,resuelta
1326,9894,1,Inconveniente menor durante la estadía.,2025-12-03,resuelta
2437,9910,2,Inconveniente menor durante la estadía.,2025-12-07,resuelta
763,9926,5,Inconveniente menor durante la estadía.,2025-12-07,resuelta
2609,9934,4,Inconveniente menor durante la estadía.,2025-12-04,en proceso
2733,9949,3,Inconveniente menor durante la estadía.,2025-12-04,en proceso
421,9952,1,Inconveniente menor durante la estadía.,2025-12-07,pendiente
2045,9953,4,Inconveniente menor durante la estadía.,2025-12-04,resuelta
570,9954,5,Inconveniente menor durante la estadía.,2025-12-05,en proceso
1245,9957,5,Inconveniente menor durante la estadía.,2025-12-04,resuelta
2710,9967,3,Inconveniente menor durante la estadía.,2025-12-07,resuelta
1843,9977,1,Inconveniente menor durante la estadía.,2025-12-07,pendiente
1429,9979,2,Inconveniente menor durante la estadía.,2025-12-06,en proceso
1830,9995,2,Inconveniente menor durante la estadía.,2025-12-06,en proceso
2937,10010,5,Inconveniente menor durante la estadía.,2025-12-10,resuelta
1358,10022,1,Inconveniente menor durante la estadía.,2025-12-07,pendiente
1358,10037,5,Inconveniente menor durante la estadía.,2025-12-08,pendiente
2484,10055,3,Inconveniente menor durante la estadía.,2025-12-08,en proceso
1256,10107,3,Inconveniente menor durante la estadía.,2025-12-11,en proceso
1234,10110,1,Inconveniente menor durante la estadía.,2025-12-11,en proceso
1204,10116,3,Inconveniente menor durante la estadía.,2025-12-14,en proceso
2441,10126,4,Inconveniente menor durante la estadía.,2025-12-11,en proceso
2918,10138,1,Inconveniente menor durante la estadía.,2025-12-14,en proceso
1108,10139,3,Inconveniente menor durante la estadía.,2025-12-11,pendiente
2511,10141,3,Inconveniente menor durante la estadía.,2025-12-11,pendiente
343,10145,4,Inconveniente menor durante la estadía.,2025-12-12,pendiente
2409,10146,2,Inconveniente menor durante la estadía.,2025-12-15,en proceso
1450,10172,2,Inconveniente menor durante la estadía.,2025-12-14,pendiente
341,10181,4,Inconveniente menor durante la estadía.,2025-12-15,resuelta
2996,10195,4,Inconveniente menor durante la estadía.,2025-12-12,pendiente
2421,10217,3,Inconveniente menor durante la estadía.,2025-12-16,resuelta
1388,10225,2,Inconveniente menor durante la estadía.,2025-12-18,en proceso
576,10227,4,Inconveniente menor durante la estadía.,2025-12-15,pendiente
326,10233,4,Inconveniente menor durante la estadía.,2025-12-16,resuelta
735,10244,4,Inconveniente menor durante la estadía.,2025-12-16,pendiente
729,10249,4,Inconveniente menor durante la estadía.,2025-12-15,resuelta
2508,10251,4,Inconveniente menor durante la estadía.,2025-12-16,resuelta
2451,10254,1,Inconveniente menor durante la estadía.,2025-12-19,en proceso
2937,10257,1,Inconveniente menor durante la estadía.,2025-12-18,en proceso
706,10267,1,Inconveniente menor durante la estadía.,2025-12-19,resuelta
1120,10277,5,Inconveniente menor durante la estadía.,2025-12-20,pendiente
93,10280,5,Inconveniente menor durante la estadía.,2025-12-18,pendiente
1085,10283,3,Inconveniente menor durante la estadía.,2025-12-20,pendiente
599,10286,5,Inconveniente menor durante la estadía.,2025-12-18,en proceso
2847,10289,4,Inconveniente menor durante la estadía.,2025-12-17,pendiente
1355,10320,2,Inconveniente menor durante la estadía.,2025-12-18,resuelta
2525,10323,1,Inconveniente menor durante la estadía.,2025-12-21,resuelta
1801,10327,1,Inconveniente menor durante la estadía.,2025-12-21,en proceso
1128,10330,2,Inconveniente menor durante la estadía.,2025-12-22,pendiente
697,10333,1,Inconveniente menor durante la estadía.,2025-12-18,pendiente
2891,10344,4,Inconveniente menor durante la estadía.,2025-12-19,resuelta
1255,10364,5,Inconveniente menor durante la estadía.,2025-12-20,resuelta
2518,10365,5,Inconveniente menor durante la estadía.,2025-12-23,resuelta
1930,10383,3,Inconveniente menor durante la estadía.,2025-12-22,resuelta
1374,10398,5,Inconveniente menor durante la estadía.,2025-12-21,en proceso
1906,10405,5,Inconveniente menor durante la estadía.,2025-12-22,pendiente
1356,10413,1,Inconveniente menor durante la estadía.,2025-12-24,resuelta
1019,10417,4,Inconveniente menor durante la estadía.,2025-12-21,pendiente
731,10426,1,Inconveniente menor durante la estadía.,2025-12-21,resuelta
1225,10431,3,Inconveniente menor durante la estadía.,2025-12-22,pendiente
1607,10440,1,Inconveniente menor durante la estadía.,2025-12-25,resuelta
2770,10444,2,Inconveniente menor durante la estadía.,2025-12-22,pendiente
2609,10447,3,Inconveniente menor durante la estadía.,2025-12-25,pendiente
1699,10453,2,Inconveniente menor durante la estadía.,2025-12-26,resuelta
2694,10467,3,Inconveniente menor durante la estadía.,2025-12-23,pendiente
2684,10471,2,Inconveniente menor durante la estadía.,2025-12-26,en proceso
546,10481,4,Inconveniente menor durante la estadía.,2025-12-25,pendiente
1872,10487,1,Inconveniente menor durante la estadía.,2025-12-26,pendiente
2905,10494,1,Inconveniente menor durante la estadía.,2025-12-23,pendiente
1870,10511,4,Inconveniente menor durante la estadía.,2025-12-27,pendiente
557,10514,5,Inconveniente menor durante la estadía.,2025-12-24,pendiente
985,10517,4,Inconveniente menor durante la estadía.,2025-12-26,resuelta
1832,10526,3,Inconveniente menor durante la estadía.,2025-12-24,resuelta
219,10541,4,Inconveniente menor durante la estadía.,2025-12-28,resuelta
2324,10542,2,Inconveniente menor durante la estadía.,2025-12-29,en proceso
1881,10545,3,Inconveniente menor durante la estadía.,2025-12-27,resuelta
628,10548,5,Inconveniente menor durante la estadía.,2025-12-28,en proceso
305,10562,2,Inconveniente menor durante la estadía.,2025-12-26,pendiente
2537,10576,4,Inconveniente menor durante la estadía.,2025-12-28,pendiente
2918,10590,2,Inconveniente menor durante la estadía.,2025-12-28,pendiente
337,10591,4,Inconveniente menor durante la estadía.,2025-12-29,resuelta
1419,10597,1,Inconveniente menor durante la estadía.,2025-12-28,resuelta
510,10605,3,Inconveniente menor durante la estadía.,2025-12-29,resuelta
1339,10621,4,Inconveniente menor durante la estadía.,2025-12-30,pendiente
844,10638,4,Inconveniente menor durante la estadía.,2026-01-01,resuelta
1251,10639,5,Inconveniente menor durante la estadía.,2025-12-29,pendiente
1064,10649,2,Inconveniente menor durante la estadía.,2026-01-02,en proceso
769,10650,1,Inconveniente menor durante la estadía.,2026-01-02,en proceso
1671,10657,2,Inconveniente menor durante la estadía.,2026-01-01,resuelta
1400,10666,5,Inconveniente menor durante la estadía.,2025-12-30,pendiente
1927,10670,2,Inconveniente menor durante la estadía.,2025-12-31,resuelta
2932,10673,3,Inconveniente menor durante la estadía.,2025-12-29,en proceso
437,10674,1,Inconveniente menor durante la estadía.,2025-12-31,en proceso
1093,10679,1,Inconveniente menor durante la estadía.,2025-12-30,pendiente
2477,10702,4,Inconveniente menor durante la estadía.,2026-01-03,pendiente
519,10724,4,Inconveniente menor durante la estadía.,2026-01-02,resuelta
1858,10725,2,Inconveniente menor durante la estadía.,2025-12-31,en proceso
2630,10747,4,Inconveniente menor durante la estadía.,2026-01-02,resuelta
2971,10753,2,Inconveniente menor durante la estadía.,2026-01-03,resuelta
1182,10758,4,Inconveniente menor durante la estadía.,2026-01-04,resuelta
2038,10762,5,Inconveniente menor durante la estadía.,2026-01-03,en proceso
2730,10773,5,Inconveniente menor durante la estadía.,2026-01-05,resuelta
1110,10799,3,Inconveniente menor durante la estadía.,2026-01-06,pendiente
1566,10800,3,Inconveniente menor durante la estadía.,2026-01-03,pendiente
799,10807,5,Inconveniente menor durante la estadía.,2026-01-04,en proceso
2663,10810,3,Inconveniente menor durante la estadía.,2026-01-07,pendiente
1354,10814,4,Inconveniente menor durante la estadía.,2026-01-07,resuelta
1950,10817,4,Inconveniente menor durante la estadía.,2026-01-04,pendiente
218,10827,5,Inconveniente menor durante la estadía.,2026-01-04,en proceso
2597,10829,3,Inconveniente menor durante la estadía.,2026-01-06,pendiente
2298,10834,5,Inconveniente menor durante la estadía.,2026-01-07,en proceso
2278,10835,1,Inconveniente menor durante la estadía.,2026-01-08,pendiente
1216,10844,3,Inconveniente menor durante la estadía.,2026-01-08,pendiente
2879,10851,4,Inconveniente menor durante la estadía.,2026-01-07,resuelta
2837,10873,4,Inconveniente menor durante la estadía.,2026-01-05,en proceso
563,10876,4,Inconveniente menor durante la estadía.,2026-01-07,pendiente
2573,10878,5,Inconveniente menor durante la estadía.,2026-01-09,resuelta
898,10883,2,Inconveniente menor durante la estadía.,2026-01-06,resuelta
2466,10891,3,Inconveniente menor durante la estadía.,2026-01-09,en proceso
1893,10900,3,Inconveniente menor durante la estadía.,2026-01-10,resuelta
395,10901,4,Inconveniente menor durante la estadía.,2026-01-08,en proceso
1936,10903,5,Inconveniente menor durante la estadía.,2026-01-10,pendiente
2236,10911,2,Inconveniente menor durante la estadía.,2026-01-07,en proceso
931,10915,5,Inconveniente menor durante la estadía.,2026-01-09,en proceso
2320,10921,1,Inconveniente menor durante la estadía.,2026-01-10,resuelta
484,10924,3,Inconveniente menor durante la estadía.,2026-01-09,resuelta
2419,10928,3,Inconveniente menor durante la estadía.,2026-01-10,resuelta
2979,10931,3,Inconveniente menor durante la estadía.,2026-01-09,resuelta
1110,10940,1,Inconveniente menor durante la estadía.,2026-01-11,resuelta
1388,10945,5,Inconveniente menor durante la estadía.,2026-01-12,pendiente
2138,10958,3,Inconveniente menor durante la estadía.,2026-01-12,resuelta
2918,10965,5,Inconveniente menor durante la estadía.,2026-01-09,pendiente
1300,10975,2,Inconveniente menor durante la estadía.,2026-01-10,pendiente
2461,10979,2,Inconveniente menor durante la estadía.,2026-01-11,resuelta
2373,10999,4,Inconveniente menor durante la estadía.,2026-01-10,pendiente
304,11002,5,Inconveniente menor durante la estadía.,2026-01-11,resuelta
221,11007,4,Inconveniente menor durante la estadía.,2026-01-14,pendiente
2054,11019,2,Inconveniente menor durante la estadía.,2026-01-12,resuelta
1335,11025,4,Inconveniente menor durante la estadía.,2026-01-13,pendiente
554,11032,3,Inconveniente menor durante la estadía.,2026-01-14,resuelta
1571,11046,3,Inconveniente menor durante la estadía.,2026-01-13,resuelta
1194,11047,2,Inconveniente menor durante la estadía.,2026-01-11,en proceso
2997,11064,3,Inconveniente menor durante la estadía.,2026-01-15,pendiente
1235,11074,4,Inconveniente menor durante la estadía.,2026-01-13,resuelta
2770,11077,1,Inconveniente menor durante la estadía.,2026-01-14,en proceso
676,11091,1,Inconveniente menor durante la estadía.,2026-01-16,resuelta
33,11124,4,Inconveniente menor durante la estadía.,2026-01-16,pendiente
1856,11140,5,Inconveniente menor durante la estadía.,2026-01-17,pendiente
1946,11147,5,Inconveniente menor durante la estadía.,2026-01-16,resuelta
2773,11172,3,Inconveniente menor durante la estadía.,2026-01-15,pendiente
1664,11184,3,Inconveniente menor durante la estadía.,2026-01-19,en proceso
819,11185,1,Inconveniente menor durante la estadía.,2026-01-19,pendiente
2669,11188,2,Inconveniente menor durante la estadía.,2026-01-18,en proceso
2807,11194,4,Inconveniente menor durante la estadía.,2026-01-16,en proceso
390,11204,1,Inconveniente menor durante la estadía.,2026-01-20,pendiente
491,11207,5,Inconveniente menor durante la estadía.,2026-01-19,pendiente
2337,11212,2,Inconveniente menor durante la estadía.,2026-01-20,pendiente
1640,11225,5,Inconveniente menor durante la estadía.,2026-01-17,pendiente
1842,11241,2,Inconveniente menor durante la estadía.,2026-01-22,pendiente
676,11247,4,Inconveniente menor durante la estadía.,2026-01-21,resuelta
17,11254,2,Inconveniente menor durante la estadía.,2026-01-18,resuelta
2952,11275,1,Inconveniente menor durante la estadía.,2026-01-23,pendiente
1387,11288,2,Inconveniente menor durante la estadía.,2026-01-19,en proceso
893,11298,1,Inconveniente menor durante la estadía.,2026-01-19,resuelta
2867,11299,5,Inconveniente menor durante la estadía.,2026-01-19,en proceso
441,11300,2,Inconveniente menor durante la estadía.,2026-01-19,resuelta
743,11301,1,Inconveniente menor durante la estadía.,2026-01-20,resuelta
1681,11325,1,Inconveniente menor durante la estadía.,2026-01-21,resuelta
2520,11344,4,Inconveniente menor durante la estadía.,2026-01-25,pendiente
1407,11356,3,Inconveniente menor durante la estadía.,2026-01-24,pendiente
1700,11369,2,Inconveniente menor durante la estadía.,2026-01-26,resuelta
1396,11384,5,Inconveniente menor durante la estadía.,2026-01-25,resuelta
547,11390,3,Inconveniente menor durante la estadía.,2026-01-25,en proceso
1728,11392,5,Inconveniente menor durante la estadía.,2026-01-23,resuelta
1608,11396,2,Inconveniente menor durante la estadía.,2026-01-25,en proceso
2447,11399,3,Inconveniente menor durante la estadía.,2026-01-27,resuelta
852,11423,4,Inconveniente menor durante la estadía.,2026-01-24,en proceso
1603,11433,1,Inconveniente menor durante la estadía.,2026-01-24,en proceso
283,11449,3,Inconveniente menor durante la estadía.,2026-01-26,pendiente
1426,11481,4,Inconveniente menor durante la estadía.,2026-01-26,pendiente
762,11493,2,Inconveniente menor durante la estadía.,2026-01-30,pendiente
2277,11496,4,Inconveniente menor durante la estadía.,2026-01-29,resuelta
2122,11499,5,Inconveniente menor durante la estadía.,2026-01-29,resuelta
1118,11502,3,Inconveniente menor durante la estadía.,2026-01-27,pendiente
2485,11518,3,Inconveniente menor durante la estadía.,2026-01-30,pendiente
2819,11524,2,Inconveniente menor durante la estadía.,2026-01-27,resuelta
2507,11568,4,Inconveniente menor durante la estadía.,2026-01-28,en proceso
1857,11577,2,Inconveniente menor durante la estadía.,2026-02-01,en proceso
1104,11586,1,Inconveniente menor durante la estadía.,2026-01-31,pendiente
2210,11593,2,Inconveniente menor durante la estadía.,2026-02-02,en proceso
2065,11603,3,Inconveniente menor durante la estadía.,2026-01-30,pendiente
1383,11604,5,Inconveniente menor durante la estadía.,2026-01-31,en proceso
689,11607,2,Inconveniente menor durante la estadía.,2026-02-01,pendiente
837,11636,3,Inconveniente menor durante la estadía.,2026-02-03,pendiente
535,11642,4,Inconveniente menor durante la estadía.,2026-02-03,pendiente
994,11683,2,Inconveniente menor durante la estadía.,2026-02-05,pendiente
1631,11707,2,Inconveniente menor durante la estadía.,2026-02-04,pendiente
863,11711,5,Inconveniente menor durante la estadía.,2026-02-06,pendiente
2666,11713,1,Inconveniente menor durante la estadía.,2026-02-03,en proceso
2048,11716,5,Inconveniente menor durante la estadía.,2026-02-04,pendiente
1713,11719,1,Inconveniente menor durante la estadía.,2026-02-04,en proceso
1452,11724,4,Inconveniente menor durante la estadía.,2026-02-04,pendiente
1901,11727,3,Inconveniente menor durante la estadía.,2026-02-07,en proceso
1325,11733,4,Inconveniente menor durante la estadía.,2026-02-06,resuelta
279,11744,3,Inconveniente menor durante la estadía.,2026-02-03,resuelta
2636,11760,3,Inconveniente menor durante la estadía.,2026-02-04,en proceso
496,11781,2,Inconveniente menor durante la estadía.,2026-02-04,en proceso
2987,11785,1,Inconveniente menor durante la estadía.,2026-02-04,pendiente
535,11792,1,Inconveniente menor durante la estadía.,2026-02-07,en proceso
1006,11799,3,Inconveniente menor durante la estadía.,2026-02-09,resuelta
1979,11802,3,Inconveniente menor durante la estadía.,2026-02-07,en proceso
967,11838,1,Inconveniente menor durante la estadía.,2026-02-06,resuelta
454,11863,2,Inconveniente menor durante la estadía.,2026-02-10,en proceso
667,11865,1,Inconveniente menor durante la estadía.,2026-02-08,resuelta
1204,11876,5,Inconveniente menor durante la estadía.,2026-02-09,pendiente
2444,11877,3,Inconveniente menor durante la estadía.,2026-02-08,pendiente
2731,11890,1,Inconveniente menor durante la estadía.,2026-02-10,en proceso
2745,11894,4,Inconveniente menor durante la estadía.,2026-02-10,resuelta
1320,11926,5,Inconveniente menor durante la estadía.,2026-02-10,pendiente
2329,11928,4,Inconveniente menor durante la estadía.,2026-02-11,resuelta
1003,11941,5,Inconveniente menor durante la estadía.,2026-02-13,resuelta
1095,11968,2,Inconveniente menor durante la estadía.,2026-02-13,pendiente
2926,11974,5,Inconveniente menor durante la estadía.,2026-02-11,en proceso
1777,11975,5,Inconveniente menor durante la estadía.,2026-02-12,en proceso
2880,11976,4,Inconveniente menor durante la estadía.,2026-02-12,resuelta
1163,11977,3,Inconveniente menor durante la estadía.,2026-02-11,en proceso
2085,11989,4,Inconveniente menor durante la estadía.,2026-02-11,en proceso
44,11996,2,Inconveniente menor durante la estadía.,2026-02-11,resuelta
1235,12005,1,Inconveniente menor durante la estadía.,2026-02-12,en proceso
1412,12009,4,Inconveniente menor durante la estadía.,2026-02-15,pendiente
2069,12011,1,Inconveniente menor durante la estadía.,2026-02-13,en proceso
2139,12018,1,Inconveniente menor durante la estadía.,2026-02-13,pendiente
901,12027,2,Inconveniente menor durante la estadía.,2026-02-14,resuelta
2682,12037,2,Inconveniente menor durante la estadía.,2026-02-17,en proceso
135,12057,1,Inconveniente menor durante la estadía.,2026-02-13,resuelta
1938,12060,2,Inconveniente menor durante la estadía.,2026-02-17,pendiente
766,12067,4,Inconveniente menor durante la estadía.,2026-02-17,en proceso
606,12083,3,Inconveniente menor durante la estadía.,2026-02-18,pendiente
1819,12090,1,Inconveniente menor durante la estadía.,2026-02-18,en proceso
1439,12105,4,Inconveniente menor durante la estadía.,2026-02-15,en proceso
2536,12111,4,Inconveniente menor durante la estadía.,2026-02-16,resuelta
2658,12120,3,Inconveniente menor durante la estadía.,2026-02-15,resuelta
2831,12129,1,Inconveniente menor durante la estadía.,2026-02-19,pendiente
613,12132,4,Inconveniente menor durante la estadía.,2026-02-18,en proceso
582,12150,1,Inconveniente menor durante la estadía.,2026-02-19,pendiente
2333,12158,4,Inconveniente menor durante la estadía.,2026-02-17,pendiente
2668,12163,5,Inconveniente menor durante la estadía.,2026-02-17,pendiente
19,12166,4,Inconveniente menor durante la estadía.,2026-02-18,resuelta
2368,12178,5,Inconveniente menor durante la estadía.,2026-02-21,en proceso
952,12188,2,Inconveniente menor durante la estadía.,2026-02-20,en proceso
1309,12200,3,Inconveniente menor durante la estadía.,2026-02-21,en proceso
1855,12207,4,Inconveniente menor durante la estadía.,2026-02-20,en proceso
1397,12218,4,Inconveniente menor durante la estadía.,2026-02-22,pendiente
832,12220,2,Inconveniente menor durante la estadía.,2026-02-21,en proceso
1585,12225,1,Inconveniente menor durante la estadía.,2026-02-23,en proceso
915,12226,4,Inconveniente menor durante la estadía.,2026-02-20,resuelta
1794,12228,3,Inconveniente menor durante la estadía.,2026-02-21,pendiente
2990,12251,4,Inconveniente menor durante la estadía.,2026-02-21,pendiente
2370,12267,2,Inconveniente menor durante la estadía.,2026-02-24,resuelta
667,12274,5,Inconveniente menor durante la estadía.,2026-02-20,pendiente
1163,12291,3,Inconveniente menor durante la estadía.,2026-02-21,pendiente
2197,12296,4,Inconveniente menor durante la estadía.,2026-02-24,resuelta
1571,12297,1,Inconveniente menor durante la estadía.,2026-02-23,pendiente
1891,12305,1,Inconveniente menor durante la estadía.,2026-02-24,resuelta
2423,12311,1,Inconveniente menor durante la estadía.,2026-02-23,resuelta
111,12316,2,Inconveniente menor durante la estadía.,2026-02-23,resuelta
1422,12338,5,Inconveniente menor durante la estadía.,2026-02-25,resuelta
1131,12342,3,Inconveniente menor durante la estadía.,2026-02-23,pendiente
68,12348,4,Inconveniente menor durante la estadía.,2026-02-23,resuelta
1711,12378,5,Inconveniente menor durante la estadía.,2026-02-26,resuelta
1403,12391,1,Inconveniente menor durante la estadía.,2026-02-24,en proceso
1847,12397,2,Inconveniente menor durante la estadía.,2026-02-28,pendiente
184,12411,4,Inconveniente menor durante la estadía.,2026-02-24,pendiente
215,12423,3,Inconveniente menor durante la estadía.,2026-02-26,resuelta
366,12446,1,Inconveniente menor durante la estadía.,2026-03-01,resuelta
656,12458,5,Inconveniente menor durante la estadía.,2026-02-28,resuelta
1374,12461,4,Inconveniente menor durante la estadía.,2026-03-01,resuelta
2190,12489,3,Inconveniente menor durante la estadía.,2026-02-27,resuelta
273,12492,2,Inconveniente menor durante la estadía.,2026-03-01,pendiente
2216,12495,2,Inconveniente menor durante la estadía.,2026-03-03,resuelta
1388,12512,4,Inconveniente menor durante la estadía.,2026-03-01,en proceso
1128,12514,4,Inconveniente menor durante la estadía.,2026-03-01,resuelta
220,12534,3,Inconveniente menor durante la estadía.,2026-03-02,pendiente
1907,12535,5,Inconveniente menor durante la estadía.,2026-03-02,resuelta
2134,12537,5,Inconveniente menor durante la estadía.,2026-03-02,en proceso
2666,12542,3,Inconveniente menor durante la estadía.,2026-03-01,en proceso
1672,12546,3,Inconveniente menor durante la estadía.,2026-03-01,pendiente
889,12557,1,Inconveniente menor durante la estadía.,2026-03-03,en proceso
1204,12570,3,Inconveniente menor durante la estadía.,2026-03-03,en proceso
1184,12576,3,Inconveniente menor durante la estadía.,2026-03-03,resuelta
